Court Type,Supreme Court,Gender,Female,Race or Ethnicity,White,Elena Kagan  ,100
Court Type,U.S. Court of Appeals,Gender,Female,Race or Ethnicity,African American,Allyson Duncan  ,100
Court Type,U.S. Court of Appeals,Gender,Female,Race or Ethnicity,African American,Ojetta Thompson  ,100
Court Type,U.S. Court of Appeals,Gender,Female,Race or Ethnicity,Asian American,Neomi Rao ,100
Court Type,U.S. Court of Appeals,Gender,Female,Race or Ethnicity,Hispanic,Barbara Lagoa ,100
Court Type,U.S. Court of Appeals,Gender,Female,Race or Ethnicity,Hispanic,Consuelo Callahan  ,100
Court Type,U.S. Court of Appeals,Gender,Female,Race or Ethnicity,Hispanic,Kara Stoll  ,100
Court Type,U.S. Court of Appeals,Gender,Female,Race or Ethnicity,White,Allison Eid ,100
Court Type,U.S. Court of Appeals,Gender,Female,Race or Ethnicity,White,Allison Rushing ,100
Court Type,U.S. Court of Appeals,Gender,Female,Race or Ethnicity,White,Amy Barrett ,100
Court Type,U.S. Court of Appeals,Gender,Female,Race or Ethnicity,White,Barbara Keenan  ,100
Court Type,U.S. Court of Appeals,Gender,Female,Race or Ethnicity,White,Bridget Bade ,100
Court Type,U.S. Court of Appeals,Gender,Female,Race or Ethnicity,White,Britt Grant ,100
Court Type,U.S. Court of Appeals,Gender,Female,Race or Ethnicity,White,Carolyn McHugh  ,100
Court Type,U.S. Court of Appeals,Gender,Female,Race or Ethnicity,White,Catharina Haynes  ,100
Court Type,U.S. Court of Appeals,Gender,Female,Race or Ethnicity,White,Cheryl Krause  ,100
Court Type,U.S. Court of Appeals,Gender,Female,Race or Ethnicity,White,Cornelia Pillard  ,100
Court Type,U.S. Court of Appeals,Gender,Female,Race or Ethnicity,White,Danielle Hunsaker ,100
Court Type,U.S. Court of Appeals,Gender,Female,Race or Ethnicity,White,Deborah Cook  ,100
Court Type,U.S. Court of Appeals,Gender,Female,Race or Ethnicity,White,Debra Livingston  ,100
Court Type,U.S. Court of Appeals,Gender,Female,Race or Ethnicity,White,Diane Sykes  ,100
Court Type,U.S. Court of Appeals,Gender,Female,Race or Ethnicity,White,Diane Wood  ,100
Court Type,U.S. Court of Appeals,Gender,Female,Race or Ethnicity,White,Elizabeth Branch ,100
Court Type,U.S. Court of Appeals,Gender,Female,Race or Ethnicity,White,Helene White  ,100
Court Type,U.S. Court of Appeals,Gender,Female,Race or Ethnicity,White,Jane Kelly  ,100
Court Type,U.S. Court of Appeals,Gender,Female,Race or Ethnicity,White,Jane Stranch  ,100
Court Type,U.S. Court of Appeals,Gender,Female,Race or Ethnicity,White,Jennifer Elrod  ,100
Court Type,U.S. Court of Appeals,Gender,Female,Race or Ethnicity,White,Jill Pryor  ,100
Court Type,U.S. Court of Appeals,Gender,Female,Race or Ethnicity,White,Joan Larsen ,100
Court Type,U.S. Court of Appeals,Gender,Female,Race or Ethnicity,White,Karen Williams  ,100
Court Type,U.S. Court of Appeals,Gender,Female,Race or Ethnicity,White,Kimberly Moore  ,100
Court Type,U.S. Court of Appeals,Gender,Female,Race or Ethnicity,White,M. McKeown  ,100
Court Type,U.S. Court of Appeals,Gender,Female,Race or Ethnicity,White,Michelle Friedland  ,100
Court Type,U.S. Court of Appeals,Gender,Female,Race or Ethnicity,White,Morgan Christen  ,100
Court Type,U.S. Court of Appeals,Gender,Female,Race or Ethnicity,White,Nancy Moritz  ,100
Court Type,U.S. Court of Appeals,Gender,Female,Race or Ethnicity,White,Pamela Harris  ,100
Court Type,U.S. Court of Appeals,Gender,Female,Race or Ethnicity,White,Patricia Millett  ,100
Court Type,U.S. Court of Appeals,Gender,Female,Race or Ethnicity,White,Patty Shwartz  ,100
Court Type,U.S. Court of Appeals,Gender,Female,Race or Ethnicity,White,Priscilla Owen  ,100
Court Type,U.S. Court of Appeals,Gender,Female,Race or Ethnicity,White,Sandra Ikuta  ,100
Court Type,U.S. Court of Appeals,Gender,Female,Race or Ethnicity,White,Sharon Prost  ,100
Court Type,U.S. Court of Appeals,Gender,Female,Race or Ethnicity,White,Stephanie Thacker  ,100
Court Type,U.S. Court of Appeals,Gender,Female,Race or Ethnicity,White,Susan Carney  ,100
Court Type,U.S. Court of Appeals,Gender,Female,Race or Ethnicity,White,Susan Neilson  ,100
Court Type,U.S. Court of Appeals,Gender,Male,Race or Ethnicity,African American,Carl Stewart  ,100
Court Type,U.S. Court of Appeals,Gender,Male,Race or Ethnicity,African American,Charles Wilson  ,100
Court Type,U.S. Court of Appeals,Gender,Male,Race or Ethnicity,African American,James Graves Jr.,100
Court Type,U.S. Court of Appeals,Gender,Male,Race or Ethnicity,African American,James Wynn Jr.,100
Court Type,U.S. Court of Appeals,Gender,Male,Race or Ethnicity,African American,Jerome Holmes  ,100
Court Type,U.S. Court of Appeals,Gender,Male,Race or Ethnicity,African American,Lavenski Smith  ,100
Court Type,U.S. Court of Appeals,Gender,Male,Race or Ethnicity,African American,Paul Watford  ,100
Court Type,U.S. Court of Appeals,Gender,Male,Race or Ethnicity,African American,Ransey Cole Jr.,100
Court Type,U.S. Court of Appeals,Gender,Male,Race or Ethnicity,African American,Raymond Lohier Jr.,100
Court Type,U.S. Court of Appeals,Gender,Male,Race or Ethnicity,African American,Roger Gregory  ,100
Court Type,U.S. Court of Appeals,Gender,Male,Race or Ethnicity,Asian American,James Ho ,100
Court Type,U.S. Court of Appeals,Gender,Male,Race or Ethnicity,Asian American,John Nalbandian ,100
Court Type,U.S. Court of Appeals,Gender,Male,Race or Ethnicity,Asian American,Kenneth Lee ,100
Court Type,U.S. Court of Appeals,Gender,Male,Race or Ethnicity,Asian American,Michael Park ,100
Court Type,U.S. Court of Appeals,Gender,Male,Race or Ethnicity,Asian American,Patrick Bumatay ,100
Court Type,U.S. Court of Appeals,Gender,Male,Race or Ethnicity,Asian American,Raymond Chen  ,100
Court Type,U.S. Court of Appeals,Gender,Male,Race or Ethnicity,Asian American,Srikanth Srinivasan  ,100
Court Type,U.S. Court of Appeals,Gender,Male,Race or Ethnicity,Hispanic,Albert Diaz  ,100
Court Type,U.S. Court of Appeals,Gender,Male,Race or Ethnicity,Hispanic,Jimmie Reyna  ,100
Court Type,U.S. Court of Appeals,Gender,Male,Race or Ethnicity,White,Alex Kozinski  ,100
Court Type,U.S. Court of Appeals,Gender,Male,Race or Ethnicity,White,Andrew Oldham ,100
Court Type,U.S. Court of Appeals,Gender,Male,Race or Ethnicity,White,Barry Silverman  ,100
Court Type,U.S. Court of Appeals,Gender,Male,Race or Ethnicity,White,Bobby Shepherd  ,100
Court Type,U.S. Court of Appeals,Gender,Male,Race or Ethnicity,White,Brett Kavanaugh  ,100
Court Type,U.S. Court of Appeals,Gender,Male,Race or Ethnicity,White,Chad Readler ,100
Court Type,U.S. Court of Appeals,Gender,Male,Race or Ethnicity,White,Daniel Bress ,100
Court Type,U.S. Court of Appeals,Gender,Male,Race or Ethnicity,White,Daniel Collins ,100
Court Type,U.S. Court of Appeals,Gender,Male,Race or Ethnicity,White,David Barron  ,100
Court Type,U.S. Court of Appeals,Gender,Male,Race or Ethnicity,White,David Porter ,100
Court Type,U.S. Court of Appeals,Gender,Male,Race or Ethnicity,White,David Stras ,100
Court Type,U.S. Court of Appeals,Gender,Male,Race or Ethnicity,White,Don Willett ,100
Court Type,U.S. Court of Appeals,Gender,Male,Race or Ethnicity,White,Edward Carnes  ,100
Court Type,U.S. Court of Appeals,Gender,Male,Race or Ethnicity,White,Eric Miller ,100
Court Type,U.S. Court of Appeals,Gender,Male,Race or Ethnicity,White,Eric Murphy ,100
Court Type,U.S. Court of Appeals,Gender,Male,Race or Ethnicity,White,G. Agee  ,100
Court Type,U.S. Court of Appeals,Gender,Male,Race or Ethnicity,White,Gregory Katsas ,100
Court Type,U.S. Court of Appeals,Gender,Male,Race or Ethnicity,White,Gregory Phillips  ,100
Court Type,U.S. Court of Appeals,Gender,Male,Race or Ethnicity,White,J. Luttig  ,100
Court Type,U.S. Court of Appeals,Gender,Male,Race or Ethnicity,White,Jay Bybee  ,100
Court Type,U.S. Court of Appeals,Gender,Male,Race or Ethnicity,White,Jeffrey Howard  ,100
Court Type,U.S. Court of Appeals,Gender,Male,Race or Ethnicity,White,Jeffrey Sutton  ,100
Court Type,U.S. Court of Appeals,Gender,Male,Race or Ethnicity,White,Joel Carson III,100
Court Type,U.S. Court of Appeals,Gender,Male,Race or Ethnicity,White,John Bush ,100
Court Type,U.S. Court of Appeals,Gender,Male,Race or Ethnicity,White,John Owens  ,100
Court Type,U.S. Court of Appeals,Gender,Male,Race or Ethnicity,White,John Roberts Jr.,100
Court Type,U.S. Court of Appeals,Gender,Male,Race or Ethnicity,White,Jonathan Kobes ,100
Court Type,U.S. Court of Appeals,Gender,Male,Race or Ethnicity,White,Julius Richardson ,100
Court Type,U.S. Court of Appeals,Gender,Male,Race or Ethnicity,White,Kevin Newsom ,100
Court Type,U.S. Court of Appeals,Gender,Male,Race or Ethnicity,White,Lawrence VanDyke ,100
Court Type,U.S. Court of Appeals,Gender,Male,Race or Ethnicity,White,Leonard Grasz ,100
Court Type,U.S. Court of Appeals,Gender,Male,Race or Ethnicity,White,Leslie Southwick  ,100
Court Type,U.S. Court of Appeals,Gender,Male,Race or Ethnicity,White,Mark Bennett ,100
Court Type,U.S. Court of Appeals,Gender,Male,Race or Ethnicity,White,Merrick Garland  ,100
Court Type,U.S. Court of Appeals,Gender,Male,Race or Ethnicity,White,Michael Brennan ,100
Court Type,U.S. Court of Appeals,Gender,Male,Race or Ethnicity,White,Michael Chagares  ,100
Court Type,U.S. Court of Appeals,Gender,Male,Race or Ethnicity,White,Michael Chertoff  ,100
Court Type,U.S. Court of Appeals,Gender,Male,Race or Ethnicity,White,Michael McConnell  ,100
Court Type,U.S. Court of Appeals,Gender,Male,Race or Ethnicity,White,Michael Scudder Jr.,100
Court Type,U.S. Court of Appeals,Gender,Male,Race or Ethnicity,White,Neil Gorsuch  ,100
Court Type,U.S. Court of Appeals,Gender,Male,Race or Ethnicity,White,Paul Matey ,100
Court Type,U.S. Court of Appeals,Gender,Male,Race or Ethnicity,White,Raymond Gruender  ,100
Court Type,U.S. Court of Appeals,Gender,Male,Race or Ethnicity,White,Raymond Kethledge  ,100
Court Type,U.S. Court of Appeals,Gender,Male,Race or Ethnicity,White,Richard Clifton  ,100
Court Type,U.S. Court of Appeals,Gender,Male,Race or Ethnicity,White,Richard Griffin  ,100
Court Type,U.S. Court of Appeals,Gender,Male,Race or Ethnicity,White,Richard Tallman  ,100
Court Type,U.S. Court of Appeals,Gender,Male,Race or Ethnicity,White,Richard Taranto  ,100
Court Type,U.S. Court of Appeals,Gender,Male,Race or Ethnicity,White,Robert Bacharach  ,100
Court Type,U.S. Court of Appeals,Gender,Male,Race or Ethnicity,White,Robert Henry  ,100
Court Type,U.S. Court of Appeals,Gender,Male,Race or Ethnicity,White,Robert Katzmann  ,100
Court Type,U.S. Court of Appeals,Gender,Male,Race or Ethnicity,White,Robert Luck ,100
Court Type,U.S. Court of Appeals,Gender,Male,Race or Ethnicity,White,Ryan Nelson ,100
Court Type,U.S. Court of Appeals,Gender,Male,Race or Ethnicity,White,Samuel Alito Jr.,100
Court Type,U.S. Court of Appeals,Gender,Male,Race or Ethnicity,White,Scott Matheson Jr.,100
Court Type,U.S. Court of Appeals,Gender,Male,Race or Ethnicity,White,Sidney Thomas  ,100
Court Type,U.S. Court of Appeals,Gender,Male,Race or Ethnicity,White,Stephanos Bibas ,100
Court Type,U.S. Court of Appeals,Gender,Male,Race or Ethnicity,White,Stephen Higginson  ,100
Court Type,U.S. Court of Appeals,Gender,Male,Race or Ethnicity,White,Steven Colloton  ,100
Court Type,U.S. Court of Appeals,Gender,Male,Race or Ethnicity,White,Steven Menashi ,100
Court Type,U.S. Court of Appeals,Gender,Male,Race or Ethnicity,White,Stuart Duncan ,100
Court Type,U.S. Court of Appeals,Gender,Male,Race or Ethnicity,White,Thomas Griffith  ,100
Court Type,U.S. Court of Appeals,Gender,Male,Race or Ethnicity,White,Timothy Tymkovich  ,100
Court Type,U.S. Court of Appeals,Gender,Male,Race or Ethnicity,White,Todd Hughes  ,100
Court Type,U.S. Court of Appeals,Gender,Male,Race or Ethnicity,White,William Benton  ,100
Court Type,U.S. Court of Appeals,Gender,Male,Race or Ethnicity,White,William Kayatta Jr.,100
Court Type,U.S. Court of Appeals,Gender,Male,Race or Ethnicity,White,William Nardini ,100
Court Type,U.S. Court of Appeals,Gender,Male,Race or Ethnicity,White,William Pryor Jr.,100
Court Type,U.S. District Court,Gender,Female,Race or Ethnicity,African American,Ada Brown ,100
Court Type,U.S. District Court,Gender,Female,Race or Ethnicity,African American,Andrea Wood  ,100
Court Type,U.S. District Court,Gender,Female,Race or Ethnicity,African American,Arenda Allen  ,100
Court Type,U.S. District Court,Gender,Female,Race or Ethnicity,African American,Benita Pearson  ,100
Court Type,U.S. District Court,Gender,Female,Race or Ethnicity,African American,Bernice Donald  ,100
Court Type,U.S. District Court,Gender,Female,Race or Ethnicity,African American,Carol Jackson  ,100
Court Type,U.S. District Court,Gender,Female,Race or Ethnicity,African American,Charlene Honeywell  ,100
Court Type,U.S. District Court,Gender,Female,Race or Ethnicity,African American,Debra Brown  ,100
Court Type,U.S. District Court,Gender,Female,Race or Ethnicity,African American,Denise Casper  ,100
Court Type,U.S. District Court,Gender,Female,Race or Ethnicity,African American,Denise Hood  ,100
Court Type,U.S. District Court,Gender,Female,Race or Ethnicity,African American,Eleanor Ross  ,100
Court Type,U.S. District Court,Gender,Female,Race or Ethnicity,African American,Irene Berger  ,100
Court Type,U.S. District Court,Gender,Female,Race or Ethnicity,African American,Johnnie Rawlinson  ,100
Court Type,U.S. District Court,Gender,Female,Race or Ethnicity,African American,Julianna Childs  ,100
Court Type,U.S. District Court,Gender,Female,Race or Ethnicity,African American,Julie Robinson  ,100
Court Type,U.S. District Court,Gender,Female,Race or Ethnicity,African American,Ketanji Jackson  ,100
Court Type,U.S. District Court,Gender,Female,Race or Ethnicity,African American,LaShann Hall  ,100
Court Type,U.S. District Court,Gender,Female,Race or Ethnicity,African American,Laura Swain  ,100
Court Type,U.S. District Court,Gender,Female,Race or Ethnicity,African American,Leslie Abrams  ,100
Court Type,U.S. District Court,Gender,Female,Race or Ethnicity,African American,Linda Parker  ,100
Court Type,U.S. District Court,Gender,Female,Race or Ethnicity,African American,Loretta Biggs  ,100
Court Type,U.S. District Court,Gender,Female,Race or Ethnicity,African American,Marcia Cooke  ,100
Court Type,U.S. District Court,Gender,Female,Race or Ethnicity,African American,Margo Brodie  ,100
Court Type,U.S. District Court,Gender,Female,Race or Ethnicity,African American,Mary Scriven  ,100
Court Type,U.S. District Court,Gender,Female,Race or Ethnicity,African American,Nannette Brown  ,100
Court Type,U.S. District Court,Gender,Female,Race or Ethnicity,African American,Petrese Tucker  ,100
Court Type,U.S. District Court,Gender,Female,Race or Ethnicity,African American,Phyllis Hamilton  ,100
Court Type,U.S. District Court,Gender,Female,Race or Ethnicity,African American,Sara Ellis  ,100
Court Type,U.S. District Court,Gender,Female,Race or Ethnicity,African American,Sharon Coleman  ,100
Court Type,U.S. District Court,Gender,Female,Race or Ethnicity,African American,Staci Yandle  ,100
Court Type,U.S. District Court,Gender,Female,Race or Ethnicity,African American,Stephanie Davis ,100
Court Type,U.S. District Court,Gender,Female,Race or Ethnicity,African American,Susan Wigenton  ,100
Court Type,U.S. District Court,Gender,Female,Race or Ethnicity,African American,Tanya Chutkan  ,100
Court Type,U.S. District Court,Gender,Female,Race or Ethnicity,African American,Tanya Pratt  ,100
Court Type,U.S. District Court,Gender,Female,Race or Ethnicity,African American,Vanessa Bryant  ,100
Court Type,U.S. District Court,Gender,Female,Race or Ethnicity,African American,Vanessa Gilmore  ,100
Court Type,U.S. District Court,Gender,Female,Race or Ethnicity,African American,Vicki Miles-LaGrange  ,100
Court Type,U.S. District Court,Gender,Female,Race or Ethnicity,African American,Victoria Roberts  ,100
Court Type,U.S. District Court,Gender,Female,Race or Ethnicity,African American,Wilhelmina Wright  ,100
Court Type,U.S. District Court,Gender,Female,Race or Ethnicity,African American/Hispanic,Analisa Torres  ,100
Court Type,U.S. District Court,Gender,Female,Race or Ethnicity,African American/White,Wendy Beetlestone  ,100
Court Type,U.S. District Court,Gender,Female,Race or Ethnicity,American Indian,Diane Humetewa  ,100
Court Type,U.S. District Court,Gender,Female,Race or Ethnicity,Asian American,Dolly Gee  ,100
Court Type,U.S. District Court,Gender,Female,Race or Ethnicity,Asian American,Jacqueline Nguyen  ,100
Court Type,U.S. District Court,Gender,Female,Race or Ethnicity,Asian American,Jill Otake ,100
Court Type,U.S. District Court,Gender,Female,Race or Ethnicity,Asian American,Karen Scholer ,100
Court Type,U.S. District Court,Gender,Female,Race or Ethnicity,Asian American,Kiyo Matsumoto  ,100
Court Type,U.S. District Court,Gender,Female,Race or Ethnicity,Asian American,Leslie Kobayashi  ,100
Court Type,U.S. District Court,Gender,Female,Race or Ethnicity,Asian American,Lorna Schofield  ,100
Court Type,U.S. District Court,Gender,Female,Race or Ethnicity,Asian American,Lucy Koh  ,100
Court Type,U.S. District Court,Gender,Female,Race or Ethnicity,Asian American,Martha Pacold ,100
Court Type,U.S. District Court,Gender,Female,Race or Ethnicity,Asian American,Miranda Du  ,100
Court Type,U.S. District Court,Gender,Female,Race or Ethnicity,Asian American,Pamela Chen  ,100
Court Type,U.S. District Court,Gender,Female,Race or Ethnicity,Asian American,Susan Mollway  ,100
Court Type,U.S. District Court,Gender,Female,Race or Ethnicity,Asian American/Hispanic,Cathy Bissoon  ,100
Court Type,U.S. District Court,Gender,Female,Race or Ethnicity,Asian American/White,Indira Talwani  ,100
Court Type,U.S. District Court,Gender,Female,Race or Ethnicity,Hispanic,Aida Delgado-Col?n  ,100
Court Type,U.S. District Court,Gender,Female,Race or Ethnicity,Hispanic,Alia Moses  ,100
Court Type,U.S. District Court,Gender,Female,Race or Ethnicity,Hispanic,Cecilia Altonaga  ,100
Court Type,U.S. District Court,Gender,Female,Race or Ethnicity,Hispanic,Christine Arguello  ,100
Court Type,U.S. District Court,Gender,Female,Race or Ethnicity,Hispanic,Diana Salda?a  ,100
Court Type,U.S. District Court,Gender,Female,Race or Ethnicity,Hispanic,Dora Irizarry  ,100
Court Type,U.S. District Court,Gender,Female,Race or Ethnicity,Hispanic,Esther Salas  ,100
Court Type,U.S. District Court,Gender,Female,Race or Ethnicity,Hispanic,Gloria Navarro  ,100
Court Type,U.S. District Court,Gender,Female,Race or Ethnicity,Hispanic,Judith Herrera  ,100
Court Type,U.S. District Court,Gender,Female,Race or Ethnicity,Hispanic,Kathleen Cardone  ,100
Court Type,U.S. District Court,Gender,Female,Race or Ethnicity,Hispanic,Kim Wardlaw  ,100
Court Type,U.S. District Court,Gender,Female,Race or Ethnicity,Hispanic,M. Armijo  ,100
Court Type,U.S. District Court,Gender,Female,Race or Ethnicity,Hispanic,Marcia Howard  ,100
Court Type,U.S. District Court,Gender,Female,Race or Ethnicity,Hispanic,Marina Garcia Marmolejo  ,100
Court Type,U.S. District Court,Gender,Female,Race or Ethnicity,Hispanic,Martha V?zquez  ,100
Court Type,U.S. District Court,Gender,Female,Race or Ethnicity,Hispanic,Mary Murguia  ,100
Court Type,U.S. District Court,Gender,Female,Race or Ethnicity,Hispanic,Micaela Alvarez  ,100
Court Type,U.S. District Court,Gender,Female,Race or Ethnicity,Hispanic,Nelva Ramos  ,100
Court Type,U.S. District Court,Gender,Female,Race or Ethnicity,Hispanic,Nitza Qui?ones Alejandro  ,100
Court Type,U.S. District Court,Gender,Female,Race or Ethnicity,Hispanic,Rosemary M?rquez  ,100
Court Type,U.S. District Court,Gender,Female,Race or Ethnicity,Hispanic,Sonia Sotomayor  ,100
Court Type,U.S. District Court,Gender,Female,Race or Ethnicity,Hispanic,Virginia Covington  ,100
Court Type,U.S. District Court,Gender,Female,Race or Ethnicity,Hispanic,Yvonne Rogers  ,100
Court Type,U.S. District Court,Gender,Female,Race or Ethnicity,White,Alison Nathan  ,100
Court Type,U.S. District Court,Gender,Female,Race or Ethnicity,White,Allison Burroughs  ,100
Court Type,U.S. District Court,Gender,Female,Race or Ethnicity,White,Amy Jackson  ,100
Court Type,U.S. District Court,Gender,Female,Race or Ethnicity,White,Amy St. Eve  ,100
Court Type,U.S. District Court,Gender,Female,Race or Ethnicity,White,Amy Totenberg  ,100
Court Type,U.S. District Court,Gender,Female,Race or Ethnicity,White,Ann Aiken  ,100
Court Type,U.S. District Court,Gender,Female,Race or Ethnicity,White,Ann Donnelly  ,100
Court Type,U.S. District Court,Gender,Female,Race or Ethnicity,White,Anna Brown  ,100
Court Type,U.S. District Court,Gender,Female,Race or Ethnicity,White,Anne Conway  ,100
Court Type,U.S. District Court,Gender,Female,Race or Ethnicity,White,Annemarie Axon ,100
Court Type,U.S. District Court,Gender,Female,Race or Ethnicity,White,Audrey Fleissig  ,100
Court Type,U.S. District Court,Gender,Female,Race or Ethnicity,White,Barbara Lynn  ,100
Court Type,U.S. District Court,Gender,Female,Race or Ethnicity,White,Beryl Howell  ,100
Court Type,U.S. District Court,Gender,Female,Race or Ethnicity,White,Beth Bloom  ,100
Court Type,U.S. District Court,Gender,Female,Race or Ethnicity,White,Beth Freeman  ,100
Court Type,U.S. District Court,Gender,Female,Race or Ethnicity,White,Beverly Martin  ,100
Court Type,U.S. District Court,Gender,Female,Race or Ethnicity,White,Beverly O'Connell  ,100
Court Type,U.S. District Court,Gender,Female,Race or Ethnicity,White,Brenda Sannes  ,100
Court Type,U.S. District Court,Gender,Female,Race or Ethnicity,White,Bruce Hendricks  ,100
Court Type,U.S. District Court,Gender,Female,Race or Ethnicity,White,Callie Granade  ,100
Court Type,U.S. District Court,Gender,Female,Race or Ethnicity,White,Catherine Blake  ,100
Court Type,U.S. District Court,Gender,Female,Race or Ethnicity,White,Catherine Eagles  ,100
Court Type,U.S. District Court,Gender,Female,Race or Ethnicity,White,Catherine Perry  ,100
Court Type,U.S. District Court,Gender,Female,Race or Ethnicity,White,Cathy Bencivengo  ,100
Court Type,U.S. District Court,Gender,Female,Race or Ethnicity,White,Cathy Seibel  ,100
Court Type,U.S. District Court,Gender,Female,Race or Ethnicity,White,Christina Reiss  ,100
Court Type,U.S. District Court,Gender,Female,Race or Ethnicity,White,Cindy Jorgenson  ,100
Court Type,U.S. District Court,Gender,Female,Race or Ethnicity,White,Claire Cecchi  ,100
Court Type,U.S. District Court,Gender,Female,Race or Ethnicity,White,Claire Eagan  ,100
Court Type,U.S. District Court,Gender,Female,Race or Ethnicity,White,Claria Boom ,100
Court Type,U.S. District Court,Gender,Female,Race or Ethnicity,White,Colleen McMahon  ,100
Court Type,U.S. District Court,Gender,Female,Race or Ethnicity,White,Cynthia Bashant  ,100
Court Type,U.S. District Court,Gender,Female,Race or Ethnicity,White,Dabney Friedrich ,100
Court Type,U.S. District Court,Gender,Female,Race or Ethnicity,White,Dale Fischer  ,100
Court Type,U.S. District Court,Gender,Female,Race or Ethnicity,White,Elizabeth Dillon  ,100
Court Type,U.S. District Court,Gender,Female,Race or Ethnicity,White,Elizabeth Foote  ,100
Court Type,U.S. District Court,Gender,Female,Race or Ethnicity,White,Elizabeth Wolford  ,100
Court Type,U.S. District Court,Gender,Female,Race or Ethnicity,White,Emily Marks ,100
Court Type,U.S. District Court,Gender,Female,Race or Ethnicity,White,Faith Hochberg  ,100
Court Type,U.S. District Court,Gender,Female,Race or Ethnicity,White,Freda Wolfson  ,100
Court Type,U.S. District Court,Gender,Female,Race or Ethnicity,White,Gina Groh  ,100
Court Type,U.S. District Court,Gender,Female,Race or Ethnicity,White,Holly Brady ,100
Court Type,U.S. District Court,Gender,Female,Race or Ethnicity,White,Holly Teeter ,100
Court Type,U.S. District Court,Gender,Female,Race or Ethnicity,White,Jane Boyle  ,100
Court Type,U.S. District Court,Gender,Female,Race or Ethnicity,White,Jane Magnus-Stinson  ,100
Court Type,U.S. District Court,Gender,Female,Race or Ethnicity,White,Jane Milazzo  ,100
Court Type,U.S. District Court,Gender,Female,Race or Ethnicity,White,Janis Sammartino  ,100
Court Type,U.S. District Court,Gender,Female,Race or Ethnicity,White,Jennifer Dorsey  ,100
Court Type,U.S. District Court,Gender,Female,Race or Ethnicity,White,Jennifer Wilson ,100
Court Type,U.S. District Court,Gender,Female,Race or Ethnicity,White,Jennifer Zipps  ,100
Court Type,U.S. District Court,Gender,Female,Race or Ethnicity,White,Jill Parrish  ,100
Court Type,U.S. District Court,Gender,Female,Race or Ethnicity,White,Joan Azrack  ,100
Court Type,U.S. District Court,Gender,Female,Race or Ethnicity,White,Joan Ericksen  ,100
Court Type,U.S. District Court,Gender,Female,Race or Ethnicity,White,Joan Lenard  ,100
Court Type,U.S. District Court,Gender,Female,Race or Ethnicity,White,Jodi Dishman ,100
Court Type,U.S. District Court,Gender,Female,Race or Ethnicity,White,Josephine Staton  ,100
Court Type,U.S. District Court,Gender,Female,Race or Ethnicity,White,Judith Levy  ,100
Court Type,U.S. District Court,Gender,Female,Race or Ethnicity,White,Julia Gibbons  ,100
Court Type,U.S. District Court,Gender,Female,Race or Ethnicity,White,Julie Carnes  ,100
Court Type,U.S. District Court,Gender,Female,Race or Ethnicity,White,Karen Caldwell  ,100
Court Type,U.S. District Court,Gender,Female,Race or Ethnicity,White,Karen Marston ,100
Court Type,U.S. District Court,Gender,Female,Race or Ethnicity,White,Karen Schreier  ,100
Court Type,U.S. District Court,Gender,Female,Race or Ethnicity,White,Kari Dooley ,100
Court Type,U.S. District Court,Gender,Female,Race or Ethnicity,White,Karin Immergut ,100
Court Type,U.S. District Court,Gender,Female,Race or Ethnicity,White,Karon Bowdre  ,100
Court Type,U.S. District Court,Gender,Female,Race or Ethnicity,White,Katherine Failla  ,100
Court Type,U.S. District Court,Gender,Female,Race or Ethnicity,White,Katherine Forrest  ,100
Court Type,U.S. District Court,Gender,Female,Race or Ethnicity,White,Kathleen O'Malley  ,100
Court Type,U.S. District Court,Gender,Female,Race or Ethnicity,White,Kathleen Williams  ,100
Court Type,U.S. District Court,Gender,Female,Race or Ethnicity,White,Kea Riggs ,100
Court Type,U.S. District Court,Gender,Female,Race or Ethnicity,White,Kimberly Mueller  ,100
Court Type,U.S. District Court,Gender,Female,Race or Ethnicity,White,Kristi DuBose  ,100
Court Type,U.S. District Court,Gender,Female,Race or Ethnicity,White,Kristine Baker  ,100
Court Type,U.S. District Court,Gender,Female,Race or Ethnicity,White,Landya McCafferty  ,100
Court Type,U.S. District Court,Gender,Female,Race or Ethnicity,White,Laurie Michelson  ,100
Court Type,U.S. District Court,Gender,Female,Race or Ethnicity,White,Laurie Smith Camp  ,100
Court Type,U.S. District Court,Gender,Female,Race or Ethnicity,White,Lee Rosenthal  ,100
Court Type,U.S. District Court,Gender,Female,Race or Ethnicity,White,Leigh May  ,100
Court Type,U.S. District Court,Gender,Female,Race or Ethnicity,White,Lisa Wood  ,100
Court Type,U.S. District Court,Gender,Female,Race or Ethnicity,White,Louise Flanagan  ,100
Court Type,U.S. District Court,Gender,Female,Race or Ethnicity,White,M[ary] Lauck  ,100
Court Type,U.S. District Court,Gender,Female,Race or Ethnicity,White,Madeline Arleo  ,100
Court Type,U.S. District Court,Gender,Female,Race or Ethnicity,White,Madeline Haikala  ,100
Court Type,U.S. District Court,Gender,Female,Race or Ethnicity,White,Mae D'Agostino  ,100
Court Type,U.S. District Court,Gender,Female,Race or Ethnicity,White,Marcia Crone  ,100
Court Type,U.S. District Court,Gender,Female,Race or Ethnicity,White,Marcia Krieger  ,100
Court Type,U.S. District Court,Gender,Female,Race or Ethnicity,White,Margaret Morrow  ,100
Court Type,U.S. District Court,Gender,Female,Race or Ethnicity,White,Margaret Rodgers  ,100
Court Type,U.S. District Court,Gender,Female,Race or Ethnicity,White,Marilyn Horan ,100
Court Type,U.S. District Court,Gender,Female,Race or Ethnicity,White,Marilyn Huff  ,100
Court Type,U.S. District Court,Gender,Female,Race or Ethnicity,White,Marsha Pechman  ,100
Court Type,U.S. District Court,Gender,Female,Race or Ethnicity,White,Mary Lewis  ,100
Court Type,U.S. District Court,Gender,Female,Race or Ethnicity,White,Mary Lisi  ,100
Court Type,U.S. District Court,Gender,Female,Race or Ethnicity,White,Mary McElroy ,100
Court Type,U.S. District Court,Gender,Female,Race or Ethnicity,White,Mary Phillips  ,100
Court Type,U.S. District Court,Gender,Female,Race or Ethnicity,White,Mary Rowland ,100
Court Type,U.S. District Court,Gender,Female,Race or Ethnicity,White,Mary Vyskocil ,100
Court Type,U.S. District Court,Gender,Female,Race or Ethnicity,White,Maryellen Noreika ,100
Court Type,U.S. District Court,Gender,Female,Race or Ethnicity,White,Nancy Brasel ,100
Court Type,U.S. District Court,Gender,Female,Race or Ethnicity,White,Nancy Freudenthal  ,100
Court Type,U.S. District Court,Gender,Female,Race or Ethnicity,White,Nancy Rosenstengel  ,100
Court Type,U.S. District Court,Gender,Female,Race or Ethnicity,White,Nancy Torresen  ,100
Court Type,U.S. District Court,Gender,Female,Race or Ethnicity,White,Nora Fischer  ,100
Court Type,U.S. District Court,Gender,Female,Race or Ethnicity,White,Nora Manella  ,100
Court Type,U.S. District Court,Gender,Female,Race or Ethnicity,White,Pamela Barker ,100
Court Type,U.S. District Court,Gender,Female,Race or Ethnicity,White,Pamela Pepper  ,100
Court Type,U.S. District Court,Gender,Female,Race or Ethnicity,White,Pamela Reeves  ,100
Court Type,U.S. District Court,Gender,Female,Race or Ethnicity,White,Patricia Gaughan  ,100
Court Type,U.S. District Court,Gender,Female,Race or Ethnicity,White,Patricia Minaldi  ,100
Court Type,U.S. District Court,Gender,Female,Race or Ethnicity,White,Patti Saris  ,100
Court Type,U.S. District Court,Gender,Female,Race or Ethnicity,White,Paula Xinis  ,100
Court Type,U.S. District Court,Gender,Female,Race or Ethnicity,White,Rachel Kovner ,100
Court Type,U.S. District Court,Gender,Female,Race or Ethnicity,White,Rebecca Doherty  ,100
Court Type,U.S. District Court,Gender,Female,Race or Ethnicity,White,Rebecca Ebinger  ,100
Court Type,U.S. District Court,Gender,Female,Race or Ethnicity,White,Rebecca Jennings ,100
Court Type,U.S. District Court,Gender,Female,Race or Ethnicity,White,Rebecca Pallmeyer  ,100
Court Type,U.S. District Court,Gender,Female,Race or Ethnicity,White,Reena Raggi  ,100
Court Type,U.S. District Court,Gender,Female,Race or Ethnicity,White,Renee Bumb  ,100
Court Type,U.S. District Court,Gender,Female,Race or Ethnicity,White,Robin Cauthron  ,100
Court Type,U.S. District Court,Gender,Female,Race or Ethnicity,White,Robin Rosenbaum  ,100
Court Type,U.S. District Court,Gender,Female,Race or Ethnicity,White,Robin Rosenberg  ,100
Court Type,U.S. District Court,Gender,Female,Race or Ethnicity,White,Ronnie Abrams  ,100
Court Type,U.S. District Court,Gender,Female,Race or Ethnicity,White,Rosanna Peterson  ,100
Court Type,U.S. District Court,Gender,Female,Race or Ethnicity,White,Roseann Ketchmark  ,100
Court Type,U.S. District Court,Gender,Female,Race or Ethnicity,White,Roslynn Mauskopf  ,100
Court Type,U.S. District Court,Gender,Female,Race or Ethnicity,White,Sara Darrow  ,100
Court Type,U.S. District Court,Gender,Female,Race or Ethnicity,White,Sara Lioi  ,100
Court Type,U.S. District Court,Gender,Female,Race or Ethnicity,White,Sarah Morrison ,100
Court Type,U.S. District Court,Gender,Female,Race or Ethnicity,White,Sarah Pitlyk ,100
Court Type,U.S. District Court,Gender,Female,Race or Ethnicity,White,Sarah Vance  ,100
Court Type,U.S. District Court,Gender,Female,Race or Ethnicity,White,Sharion Aycock  ,100
Court Type,U.S. District Court,Gender,Female,Race or Ethnicity,White,Sharon Blackburn  ,100
Court Type,U.S. District Court,Gender,Female,Race or Ethnicity,White,Sharon Gleason  ,100
Court Type,U.S. District Court,Gender,Female,Race or Ethnicity,White,Shelly Dick  ,100
Court Type,U.S. District Court,Gender,Female,Race or Ethnicity,White,Sheri Chappell  ,100
Court Type,U.S. District Court,Gender,Female,Race or Ethnicity,White,Sherri Lydon ,100
Court Type,U.S. District Court,Gender,Female,Race or Ethnicity,White,Sheryl Lipman  ,100
Court Type,U.S. District Court,Gender,Female,Race or Ethnicity,White,Stephanie Gallagher ,100
Court Type,U.S. District Court,Gender,Female,Race or Ethnicity,White,Stephanie Haines ,100
Court Type,U.S. District Court,Gender,Female,Race or Ethnicity,White,Stephanie Rose  ,100
Court Type,U.S. District Court,Gender,Female,Race or Ethnicity,White,Sue Myerscough  ,100
Court Type,U.S. District Court,Gender,Female,Race or Ethnicity,White,Sue Robinson  ,100
Court Type,U.S. District Court,Gender,Female,Race or Ethnicity,White,Susan Baxter ,100
Court Type,U.S. District Court,Gender,Female,Race or Ethnicity,White,Susan Bolton  ,100
Court Type,U.S. District Court,Gender,Female,Race or Ethnicity,White,Susan Brnovich ,100
Court Type,U.S. District Court,Gender,Female,Race or Ethnicity,White,Susan Hickey  ,100
Court Type,U.S. District Court,Gender,Female,Race or Ethnicity,White,Susan Nelson  ,100
Court Type,U.S. District Court,Gender,Female,Race or Ethnicity,White,Susan Watters  ,100
Court Type,U.S. District Court,Gender,Female,Race or Ethnicity,White,Susie Morgan  ,100
Court Type,U.S. District Court,Gender,Female,Race or Ethnicity,White,Theresa Springmann  ,100
Court Type,U.S. District Court,Gender,Female,Race or Ethnicity,White,Ursula Ungaro  ,100
Court Type,U.S. District Court,Gender,Female,Race or Ethnicity,White,Valerie Caproni  ,100
Court Type,U.S. District Court,Gender,Female,Race or Ethnicity,White,Virginia Hopkins  ,100
Court Type,U.S. District Court,Gender,Female,Race or Ethnicity,White,Virginia Kendall  ,100
Court Type,U.S. District Court,Gender,Female,Race or Ethnicity,White,Virginia Phillips  ,100
Court Type,U.S. District Court,Gender,Female,Race or Ethnicity,White,Wendy Berger ,100
Court Type,U.S. District Court,Gender,Female,Race or Ethnicity,White,Wendy Vitter ,100
Court Type,U.S. District Court,Gender,Female,Race or Ethnicity,White,Yvette Kane  ,100
Court Type,U.S. District Court,Gender,Male,Race or Ethnicity,African American,Abdul Kallon  ,100
Court Type,U.S. District Court,Gender,Male,Race or Ethnicity,African American,Alfred Bennett  ,100
Court Type,U.S. District Court,Gender,Male,Race or Ethnicity,African American,Algenon Marbley  ,100
Court Type,U.S. District Court,Gender,Male,Race or Ethnicity,African American,Alvin Thompson  ,100
Court Type,U.S. District Court,Gender,Male,Race or Ethnicity,African American,Andre Birotte Jr.,100
Court Type,U.S. District Court,Gender,Male,Race or Ethnicity,African American,Andrew Carter Jr.,100
Court Type,U.S. District Court,Gender,Male,Race or Ethnicity,African American,Bernard Jones II,100
Court Type,U.S. District Court,Gender,Male,Race or Ethnicity,African American,Brian Davis  ,100
Court Type,U.S. District Court,Gender,Male,Race or Ethnicity,African American,Brian Jackson  ,100
Court Type,U.S. District Court,Gender,Male,Race or Ethnicity,African American,Brian Miller  ,100
Court Type,U.S. District Court,Gender,Male,Race or Ethnicity,African American,Brian Wimes  ,100
Court Type,U.S. District Court,Gender,Male,Race or Ethnicity,African American,Carlton Reeves  ,100
Court Type,U.S. District Court,Gender,Male,Race or Ethnicity,African American,Christopher Cooper  ,100
Court Type,U.S. District Court,Gender,Male,Race or Ethnicity,African American,Darrin Gayles  ,100
Court Type,U.S. District Court,Gender,Male,Race or Ethnicity,African American,George Daniels  ,100
Court Type,U.S. District Court,Gender,Male,Race or Ethnicity,African American,George Hanks Jr.,100
Court Type,U.S. District Court,Gender,Male,Race or Ethnicity,African American,George Hazel  ,100
Court Type,U.S. District Court,Gender,Male,Race or Ethnicity,African American,George Russell III,100
Court Type,U.S. District Court,Gender,Male,Race or Ethnicity,African American,Gerald Lee  ,100
Court Type,U.S. District Court,Gender,Male,Race or Ethnicity,African American,Gregory Sleet  ,100
Court Type,U.S. District Court,Gender,Male,Race or Ethnicity,African American,Gregory Woods III,100
Court Type,U.S. District Court,Gender,Male,Race or Ethnicity,African American,Haywood Gilliam Jr.,100
Court Type,U.S. District Court,Gender,Male,Race or Ethnicity,African American,Henry Autrey  ,100
Court Type,U.S. District Court,Gender,Male,Race or Ethnicity,African American,Ivan Lemelle  ,100
Court Type,U.S. District Court,Gender,Male,Race or Ethnicity,African American,Jason Pulliam ,100
Court Type,U.S. District Court,Gender,Male,Race or Ethnicity,African American,John Fowlkes Jr.,100
Court Type,U.S. District Court,Gender,Male,Race or Ethnicity,African American,John Houston  ,100
Court Type,U.S. District Court,Gender,Male,Race or Ethnicity,African American,John Younge ,100
Court Type,U.S. District Court,Gender,Male,Race or Ethnicity,African American,Joseph Greenaway Jr.,100
Court Type,U.S. District Court,Gender,Male,Race or Ethnicity,African American,Legrome Davis  ,100
Court Type,U.S. District Court,Gender,Male,Race or Ethnicity,African American,Martin Jenkins  ,100
Court Type,U.S. District Court,Gender,Male,Race or Ethnicity,African American,Michael Shipp  ,100
Court Type,U.S. District Court,Gender,Male,Race or Ethnicity,African American,Morrison England Jr.,100
Court Type,U.S. District Court,Gender,Male,Race or Ethnicity,African American,Raner Collins  ,100
Court Type,U.S. District Court,Gender,Male,Race or Ethnicity,African American,Raymond Moore  ,100
Court Type,U.S. District Court,Gender,Male,Race or Ethnicity,African American,Richard Boulware II,100
Court Type,U.S. District Court,Gender,Male,Race or Ethnicity,African American,Richard Jones  ,100
Court Type,U.S. District Court,Gender,Male,Race or Ethnicity,African American,Richard Roberts  ,100
Court Type,U.S. District Court,Gender,Male,Race or Ethnicity,African American,Robert Wilkins  ,100
Court Type,U.S. District Court,Gender,Male,Race or Ethnicity,African American,Rodney Smith ,100
Court Type,U.S. District Court,Gender,Male,Race or Ethnicity,African American,Ronnie White  ,100
Court Type,U.S. District Court,Gender,Male,Race or Ethnicity,African American,Rossie Alston Jr.,100
Court Type,U.S. District Court,Gender,Male,Race or Ethnicity,African American,Sam Lindsay  ,100
Court Type,U.S. District Court,Gender,Male,Race or Ethnicity,African American,Stephen Robinson  ,100
Court Type,U.S. District Court,Gender,Male,Race or Ethnicity,African American,Steve Jones  ,100
Court Type,U.S. District Court,Gender,Male,Race or Ethnicity,African American,Steven Logan  ,100
Court Type,U.S. District Court,Gender,Male,Race or Ethnicity,African American,Terry Moorer ,100
Court Type,U.S. District Court,Gender,Male,Race or Ethnicity,African American,Timothy Lewis  ,100
Court Type,U.S. District Court,Gender,Male,Race or Ethnicity,African American,Troy Nunley  ,100
Court Type,U.S. District Court,Gender,Male,Race or Ethnicity,African American,Victor Bolden  ,100
Court Type,U.S. District Court,Gender,Male,Race or Ethnicity,African American,Waverly Crenshaw Jr.,100
Court Type,U.S. District Court,Gender,Male,Race or Ethnicity,African American,William Kuntz II,100
Court Type,U.S. District Court,Gender,Male,Race or Ethnicity,African American/Hispanic,Vernon Broderick  ,100
Court Type,U.S. District Court,Gender,Male,Race or Ethnicity,African American/White,Richard Myers II,100
Court Type,U.S. District Court,Gender,Male,Race or Ethnicity,American Indian,Billy Burrage  ,100
Court Type,U.S. District Court,Gender,Male,Race or Ethnicity,Asian American,Amit Mehta  ,100
Court Type,U.S. District Court,Gender,Male,Race or Ethnicity,Asian American,Amul Thapar  ,100
Court Type,U.S. District Court,Gender,Male,Race or Ethnicity,Asian American,Anuraag Singhal ,100
Court Type,U.S. District Court,Gender,Male,Race or Ethnicity,Asian American,Dana Sabraw  ,100
Court Type,U.S. District Court,Gender,Male,Race or Ethnicity,Asian American,Denny Chin  ,100
Court Type,U.S. District Court,Gender,Male,Race or Ethnicity,Asian American,Edmond Chang  ,100
Court Type,U.S. District Court,Gender,Male,Race or Ethnicity,Asian American,Edward Chen  ,100
Court Type,U.S. District Court,Gender,Male,Race or Ethnicity,Asian American,George King  ,100
Court Type,U.S. District Court,Gender,Male,Race or Ethnicity,Asian American,George Wu  ,100
Court Type,U.S. District Court,Gender,Male,Race or Ethnicity,Asian American,J. Ranjan ,100
Court Type,U.S. District Court,Gender,Male,Race or Ethnicity,Asian American,John Lee  ,100
Court Type,U.S. District Court,Gender,Male,Race or Ethnicity,Asian American,Manish Shah  ,100
Court Type,U.S. District Court,Gender,Male,Race or Ethnicity,Asian American,Theodore Chuang  ,100
Court Type,U.S. District Court,Gender,Male,Race or Ethnicity,Asian American,Vince Chhabria  ,100
Court Type,U.S. District Court,Gender,Male,Race or Ethnicity,Asian American/Pacific Islander,Derrick Watson  ,100
Court Type,U.S. District Court,Gender,Male,Race or Ethnicity,Hispanic,Adalberto Jordan  ,100
Court Type,U.S. District Court,Gender,Male,Race or Ethnicity,Hispanic,Brian Sandoval  ,100
Court Type,U.S. District Court,Gender,Male,Race or Ethnicity,Hispanic,Carlos Mendoza  ,100
Court Type,U.S. District Court,Gender,Male,Race or Ethnicity,Hispanic,Carlos Murguia  ,100
Court Type,U.S. District Court,Gender,Male,Race or Ethnicity,Hispanic,David Guaderrama  ,100
Court Type,U.S. District Court,Gender,Male,Race or Ethnicity,Hispanic,David Morales ,100
Court Type,U.S. District Court,Gender,Male,Race or Ethnicity,Hispanic,Edgardo Ramos  ,100
Court Type,U.S. District Court,Gender,Male,Race or Ethnicity,Hispanic,Edward Davila  ,100
Court Type,U.S. District Court,Gender,Male,Race or Ethnicity,Hispanic,Federico Moreno  ,100
Court Type,U.S. District Court,Gender,Male,Race or Ethnicity,Hispanic,Fernando Olguin  ,100
Court Type,U.S. District Court,Gender,Male,Race or Ethnicity,Hispanic,Fernando Rodriguez Jr.,100
Court Type,U.S. District Court,Gender,Male,Race or Ethnicity,Hispanic,Frank Montalvo  ,100
Court Type,U.S. District Court,Gender,Male,Race or Ethnicity,Hispanic,Gonzalo Curiel  ,100
Court Type,U.S. District Court,Gender,Male,Race or Ethnicity,Hispanic,Gustavo Gelp? Jr.,100
Court Type,U.S. District Court,Gender,Male,Race or Ethnicity,Hispanic,Jesus Bernal  ,100
Court Type,U.S. District Court,Gender,Male,Race or Ethnicity,Hispanic,John Mendez  ,100
Court Type,U.S. District Court,Gender,Male,Race or Ethnicity,Hispanic,Jorge Alonso  ,100
Court Type,U.S. District Court,Gender,Male,Race or Ethnicity,Hispanic,Jorge Solis  ,100
Court Type,U.S. District Court,Gender,Male,Race or Ethnicity,Hispanic,Jose Linares  ,100
Court Type,U.S. District Court,Gender,Male,Race or Ethnicity,Hispanic,Jose Olvera Jr.,100
Court Type,U.S. District Court,Gender,Male,Race or Ethnicity,Hispanic,Juan S?nchez  ,100
Court Type,U.S. District Court,Gender,Male,Race or Ethnicity,Hispanic,Kenneth Gonzales  ,100
Court Type,U.S. District Court,Gender,Male,Race or Ethnicity,Hispanic,Louis Guirola Jr.,100
Court Type,U.S. District Court,Gender,Male,Race or Ethnicity,Hispanic,Luis Restrepo  ,100
Court Type,U.S. District Court,Gender,Male,Race or Ethnicity,Hispanic,Marco Hernandez  ,100
Court Type,U.S. District Court,Gender,Male,Race or Ethnicity,Hispanic,Nelson Rom?n  ,100
Court Type,U.S. District Court,Gender,Male,Race or Ethnicity,Hispanic,Orlando Garcia  ,100
Court Type,U.S. District Court,Gender,Male,Race or Ethnicity,Hispanic,Pedro Delgado Hern?ndez  ,100
Court Type,U.S. District Court,Gender,Male,Race or Ethnicity,Hispanic,Philip Gutierrez  ,100
Court Type,U.S. District Court,Gender,Male,Race or Ethnicity,Hispanic,Philip Martinez  ,100
Court Type,U.S. District Court,Gender,Male,Race or Ethnicity,Hispanic,Ra?l Arias-Marxuach ,100
Court Type,U.S. District Court,Gender,Male,Race or Ethnicity,Hispanic,Randy Crane  ,100
Court Type,U.S. District Court,Gender,Male,Race or Ethnicity,Hispanic,Ricardo Hinojosa  ,100
Court Type,U.S. District Court,Gender,Male,Race or Ethnicity,Hispanic,Ricardo Martinez  ,100
Court Type,U.S. District Court,Gender,Male,Race or Ethnicity,Hispanic,Rodolfo Ruiz II,100
Court Type,U.S. District Court,Gender,Male,Race or Ethnicity,Hispanic,Roger Benitez  ,100
Court Type,U.S. District Court,Gender,Male,Race or Ethnicity,Hispanic,Roy Altman ,100
Court Type,U.S. District Court,Gender,Male,Race or Ethnicity,Hispanic,Rub?n Castillo  ,100
Court Type,U.S. District Court,Gender,Male,Race or Ethnicity,Hispanic,Rudolph Contreras  ,100
Court Type,U.S. District Court,Gender,Male,Race or Ethnicity,Hispanic,S. Otero  ,100
Court Type,U.S. District Court,Gender,Male,Race or Ethnicity,Hispanic,Salvador Mendoza Jr.,100
Court Type,U.S. District Court,Gender,Male,Race or Ethnicity,Hispanic,Steven Grimberg ,100
Court Type,U.S. District Court,Gender,Male,Race or Ethnicity,Hispanic,William Martinez  ,100
Court Type,U.S. District Court,Gender,Male,Race or Ethnicity,Hispanic,Xavier Rodriguez  ,100
Court Type,U.S. District Court,Gender,Male,Race or Ethnicity,Hispanic/White,James Soto  ,100
Court Type,U.S. District Court,Gender,Male,Race or Ethnicity,Hispanic/White,John Vazquez  ,100
Court Type,U.S. District Court,Gender,Male,Race or Ethnicity,White,[Elton] Kendall  ,100
Court Type,U.S. District Court,Gender,Male,Race or Ethnicity,White,A. Quattlebaum Jr.,100
Court Type,U.S. District Court,Gender,Male,Race or Ethnicity,White,Alan Albright ,100
Court Type,U.S. District Court,Gender,Male,Race or Ethnicity,White,Allen Winsor ,100
Court Type,U.S. District Court,Gender,Male,Race or Ethnicity,White,Amos Mazzant III,100
Court Type,U.S. District Court,Gender,Male,Race or Ethnicity,White,Andrew Brasher ,100
Court Type,U.S. District Court,Gender,Male,Race or Ethnicity,White,Andrew Gordon  ,100
Court Type,U.S. District Court,Gender,Male,Race or Ethnicity,White,Andrew Guilford  ,100
Court Type,U.S. District Court,Gender,Male,Race or Ethnicity,White,Andrew Hanen  ,100
Court Type,U.S. District Court,Gender,Male,Race or Ethnicity,White,B. Winmill  ,100
Court Type,U.S. District Court,Gender,Male,Race or Ethnicity,White,Barry Ashe ,100
Court Type,U.S. District Court,Gender,Male,Race or Ethnicity,White,Barry Moskowitz  ,100
Court Type,U.S. District Court,Gender,Male,Race or Ethnicity,White,Brantley Starr ,100
Court Type,U.S. District Court,Gender,Male,Race or Ethnicity,White,Brian Buescher ,100
Court Type,U.S. District Court,Gender,Male,Race or Ethnicity,White,Brian Cogan  ,100
Court Type,U.S. District Court,Gender,Male,Race or Ethnicity,White,Brian Martinotti  ,100
Court Type,U.S. District Court,Gender,Male,Race or Ethnicity,White,Brian Morris  ,100
Court Type,U.S. District Court,Gender,Male,Race or Ethnicity,White,Carl Nichols ,100
Court Type,U.S. District Court,Gender,Male,Race or Ethnicity,White,Chad Kenney Sr.,100
Court Type,U.S. District Court,Gender,Male,Race or Ethnicity,White,Charles Eskridge III,100
Court Type,U.S. District Court,Gender,Male,Race or Ethnicity,White,Charles Goodwin ,100
Court Type,U.S. District Court,Gender,Male,Race or Ethnicity,White,Charles Williams ,100
Court Type,U.S. District Court,Gender,Male,Race or Ethnicity,White,Christopher Boyko  ,100
Court Type,U.S. District Court,Gender,Male,Race or Ethnicity,White,Christopher Conner  ,100
Court Type,U.S. District Court,Gender,Male,Race or Ethnicity,White,Christopher Droney  ,100
Court Type,U.S. District Court,Gender,Male,Race or Ethnicity,White,Clay Land  ,100
Court Type,U.S. District Court,Gender,Male,Race or Ethnicity,White,Clifton Corker ,100
Court Type,U.S. District Court,Gender,Male,Race or Ethnicity,White,Colin Bruce  ,100
Court Type,U.S. District Court,Gender,Male,Race or Ethnicity,White,Colm Connolly ,100
Court Type,U.S. District Court,Gender,Male,Race or Ethnicity,White,Corey Maze ,100
Court Type,U.S. District Court,Gender,Male,Race or Ethnicity,White,Cormac Carney  ,100
Court Type,U.S. District Court,Gender,Male,Race or Ethnicity,White,D[avid] Smith  ,100
Court Type,U.S. District Court,Gender,Male,Race or Ethnicity,White,Dale Drozd  ,100
Court Type,U.S. District Court,Gender,Male,Race or Ethnicity,White,Damon Leichty ,100
Court Type,U.S. District Court,Gender,Male,Race or Ethnicity,White,Dan Polster  ,100
Court Type,U.S. District Court,Gender,Male,Race or Ethnicity,White,Dana Christensen  ,100
Court Type,U.S. District Court,Gender,Male,Race or Ethnicity,White,Daniel Crabtree  ,100
Court Type,U.S. District Court,Gender,Male,Race or Ethnicity,White,Daniel Domenico ,100
Court Type,U.S. District Court,Gender,Male,Race or Ethnicity,White,Daniel Hovland  ,100
Court Type,U.S. District Court,Gender,Male,Race or Ethnicity,White,Daniel Jordan III,100
Court Type,U.S. District Court,Gender,Male,Race or Ethnicity,White,Daniel Traynor ,100
Court Type,U.S. District Court,Gender,Male,Race or Ethnicity,White,Danny Reeves  ,100
Court Type,U.S. District Court,Gender,Male,Race or Ethnicity,White,David Barlow ,100
Court Type,U.S. District Court,Gender,Male,Race or Ethnicity,White,David Bunning  ,100
Court Type,U.S. District Court,Gender,Male,Race or Ethnicity,White,David Campbell  ,100
Court Type,U.S. District Court,Gender,Male,Race or Ethnicity,White,David Cercone  ,100
Court Type,U.S. District Court,Gender,Male,Race or Ethnicity,White,David Godbey  ,100
Court Type,U.S. District Court,Gender,Male,Race or Ethnicity,White,David Hale  ,100
Court Type,U.S. District Court,Gender,Male,Race or Ethnicity,White,David Hamilton  ,100
Court Type,U.S. District Court,Gender,Male,Race or Ethnicity,White,David Herndon  ,100
Court Type,U.S. District Court,Gender,Male,Race or Ethnicity,White,David Kays  ,100
Court Type,U.S. District Court,Gender,Male,Race or Ethnicity,White,David Lawson  ,100
Court Type,U.S. District Court,Gender,Male,Race or Ethnicity,White,David Levi  ,100
Court Type,U.S. District Court,Gender,Male,Race or Ethnicity,White,David Novak ,100
Court Type,U.S. District Court,Gender,Male,Race or Ethnicity,White,David Nuffer  ,100
Court Type,U.S. District Court,Gender,Male,Race or Ethnicity,White,David Nye ,100
Court Type,U.S. District Court,Gender,Male,Race or Ethnicity,White,Dean Pregerson  ,100
Court Type,U.S. District Court,Gender,Male,Race or Ethnicity,White,Dennis Shedd  ,100
Court Type,U.S. District Court,Gender,Male,Race or Ethnicity,White,Denzil Marshall Jr.,100
Court Type,U.S. District Court,Gender,Male,Race or Ethnicity,White,Dominic Lanza ,100
Court Type,U.S. District Court,Gender,Male,Race or Ethnicity,White,Donald Coggins Jr.,100
Court Type,U.S. District Court,Gender,Male,Race or Ethnicity,White,Donovan Frank  ,100
Court Type,U.S. District Court,Gender,Male,Race or Ethnicity,White,Douglas Cole ,100
Court Type,U.S. District Court,Gender,Male,Race or Ethnicity,White,Douglas Rayes  ,100
Court Type,U.S. District Court,Gender,Male,Race or Ethnicity,White,Edmund Sargus Jr.,100
Court Type,U.S. District Court,Gender,Male,Race or Ethnicity,White,Edward Smith  ,100
Court Type,U.S. District Court,Gender,Male,Race or Ethnicity,White,Eli Richardson ,100
Court Type,U.S. District Court,Gender,Male,Race or Ethnicity,White,Eric Komitee ,100
Court Type,U.S. District Court,Gender,Male,Race or Ethnicity,White,Eric Melgren  ,100
Court Type,U.S. District Court,Gender,Male,Race or Ethnicity,White,Eric Tostrud ,100
Court Type,U.S. District Court,Gender,Male,Race or Ethnicity,White,F. Saylor IV,100
Court Type,U.S. District Court,Gender,Male,Race or Ethnicity,White,Frank Geraci Jr.,100
Court Type,U.S. District Court,Gender,Male,Race or Ethnicity,White,Frank Volk ,100
Court Type,U.S. District Court,Gender,Male,Race or Ethnicity,White,Frank Whitney  ,100
Court Type,U.S. District Court,Gender,Male,Race or Ethnicity,White,Frederick Kapala  ,100
Court Type,U.S. District Court,Gender,Male,Race or Ethnicity,White,G. Snow  ,100
Court Type,U.S. District Court,Gender,Male,Race or Ethnicity,White,Gary Brown ,100
Court Type,U.S. District Court,Gender,Male,Race or Ethnicity,White,Gary Feinerman  ,100
Court Type,U.S. District Court,Gender,Male,Race or Ethnicity,White,Geoffrey Crawford  ,100
Court Type,U.S. District Court,Gender,Male,Race or Ethnicity,White,Gerald McHugh Jr.,100
Court Type,U.S. District Court,Gender,Male,Race or Ethnicity,White,Gerald Pappert  ,100
Court Type,U.S. District Court,Gender,Male,Race or Ethnicity,White,Gerald Rosen  ,100
Court Type,U.S. District Court,Gender,Male,Race or Ethnicity,White,Gerard Lynch  ,100
Court Type,U.S. District Court,Gender,Male,Race or Ethnicity,White,Glenn Suddaby  ,100
Court Type,U.S. District Court,Gender,Male,Race or Ethnicity,White,Greg Guidry ,100
Court Type,U.S. District Court,Gender,Male,Race or Ethnicity,White,Gregg Costa  ,100
Court Type,U.S. District Court,Gender,Male,Race or Ethnicity,White,Gregory Frizzell  ,100
Court Type,U.S. District Court,Gender,Male,Race or Ethnicity,White,Gregory Stivers  ,100
Court Type,U.S. District Court,Gender,Male,Race or Ethnicity,White,Gregory Van Tatenhove  ,100
Court Type,U.S. District Court,Gender,Male,Race or Ethnicity,White,H. Buttram Jr.,100
Court Type,U.S. District Court,Gender,Male,Race or Ethnicity,White,H[arold] McKnight  ,100
Court Type,U.S. District Court,Gender,Male,Race or Ethnicity,White,Halil Ozerden  ,100
Court Type,U.S. District Court,Gender,Male,Race or Ethnicity,White,Harry Mattice Jr.,100
Court Type,U.S. District Court,Gender,Male,Race or Ethnicity,White,Howard Nielson Jr.,100
Court Type,U.S. District Court,Gender,Male,Race or Ethnicity,White,J. Barker ,100
Court Type,U.S. District Court,Gender,Male,Race or Ethnicity,White,J. Breen  ,100
Court Type,U.S. District Court,Gender,Male,Race or Ethnicity,White,J. Greer  ,100
Court Type,U.S. District Court,Gender,Male,Race or Ethnicity,White,J[ames] Holmes  ,100
Court Type,U.S. District Court,Gender,Male,Race or Ethnicity,White,J[ohn] Seabright  ,100
Court Type,U.S. District Court,Gender,Male,Race or Ethnicity,White,Jack Zouhary  ,100
Court Type,U.S. District Court,Gender,Male,Race or Ethnicity,White,James Boasberg  ,100
Court Type,U.S. District Court,Gender,Male,Race or Ethnicity,White,James Bredar  ,100
Court Type,U.S. District Court,Gender,Male,Race or Ethnicity,White,James Browning  ,100
Court Type,U.S. District Court,Gender,Male,Race or Ethnicity,White,James Cain Jr.,100
Court Type,U.S. District Court,Gender,Male,Race or Ethnicity,White,James Dever III,100
Court Type,U.S. District Court,Gender,Male,Race or Ethnicity,White,James Donato  ,100
Court Type,U.S. District Court,Gender,Male,Race or Ethnicity,White,James Gilstrap  ,100
Court Type,U.S. District Court,Gender,Male,Race or Ethnicity,White,James Gwin  ,100
Court Type,U.S. District Court,Gender,Male,Race or Ethnicity,White,James Hall  ,100
Court Type,U.S. District Court,Gender,Male,Race or Ethnicity,White,James Hanlon ,100
Court Type,U.S. District Court,Gender,Male,Race or Ethnicity,White,James Hendrix ,100
Court Type,U.S. District Court,Gender,Male,Race or Ethnicity,White,James Kinkeade  ,100
Court Type,U.S. District Court,Gender,Male,Race or Ethnicity,White,James Moody Jr.,100
Court Type,U.S. District Court,Gender,Male,Race or Ethnicity,White,James Oetken  ,100
Court Type,U.S. District Court,Gender,Male,Race or Ethnicity,White,James Peterson  ,100
Court Type,U.S. District Court,Gender,Male,Race or Ethnicity,White,James Shadid  ,100
Court Type,U.S. District Court,Gender,Male,Race or Ethnicity,White,James Sweeney II,100
Court Type,U.S. District Court,Gender,Male,Race or Ethnicity,White,James Whittemore  ,100
Court Type,U.S. District Court,Gender,Male,Race or Ethnicity,White,Jay Zainey  ,100
Court Type,U.S. District Court,Gender,Male,Race or Ethnicity,White,Jean-Paul Boulee ,100
Court Type,U.S. District Court,Gender,Male,Race or Ethnicity,White,Jeffrey Beaverstock ,100
Court Type,U.S. District Court,Gender,Male,Race or Ethnicity,White,Jeffrey Brown ,100
Court Type,U.S. District Court,Gender,Male,Race or Ethnicity,White,Jeffrey Helmick  ,100
Court Type,U.S. District Court,Gender,Male,Race or Ethnicity,White,Jeffrey Meyer  ,100
Court Type,U.S. District Court,Gender,Male,Race or Ethnicity,White,Jeffrey Schmehl  ,100
Court Type,U.S. District Court,Gender,Male,Race or Ethnicity,White,Jeffrey Viken  ,100
Court Type,U.S. District Court,Gender,Male,Race or Ethnicity,White,Jeremy Kernodle ,100
Court Type,U.S. District Court,Gender,Male,Race or Ethnicity,White,Jesse Furman  ,100
Court Type,U.S. District Court,Gender,Male,Race or Ethnicity,White,Joe Heaton  ,100
Court Type,U.S. District Court,Gender,Male,Race or Ethnicity,White,John Adams  ,100
Court Type,U.S. District Court,Gender,Male,Race or Ethnicity,White,John Bailey  ,100
Court Type,U.S. District Court,Gender,Male,Race or Ethnicity,White,John Blakey  ,100
Court Type,U.S. District Court,Gender,Male,Race or Ethnicity,White,John Broomes ,100
Court Type,U.S. District Court,Gender,Male,Race or Ethnicity,White,John Dowdell  ,100
Court Type,U.S. District Court,Gender,Male,Race or Ethnicity,White,John Gallagher ,100
Court Type,U.S. District Court,Gender,Male,Race or Ethnicity,White,John Gerrard  ,100
Court Type,U.S. District Court,Gender,Male,Race or Ethnicity,White,John Gibney Jr.,100
Court Type,U.S. District Court,Gender,Male,Race or Ethnicity,White,John Gleeson  ,100
Court Type,U.S. District Court,Gender,Male,Race or Ethnicity,White,John Jarvey  ,100
Court Type,U.S. District Court,Gender,Male,Race or Ethnicity,White,John Jones III,100
Court Type,U.S. District Court,Gender,Male,Race or Ethnicity,White,John Kronstadt  ,100
Court Type,U.S. District Court,Gender,Male,Race or Ethnicity,White,John Marten  ,100
Court Type,U.S. District Court,Gender,Male,Race or Ethnicity,White,John McConnell Jr.,100
Court Type,U.S. District Court,Gender,Male,Race or Ethnicity,White,John Ross  ,100
Court Type,U.S. District Court,Gender,Male,Race or Ethnicity,White,John Sinatra Jr.,100
Court Type,U.S. District Court,Gender,Male,Race or Ethnicity,White,John Tharp Jr.,100
Court Type,U.S. District Court,Gender,Male,Race or Ethnicity,White,John Tinder  ,100
Court Type,U.S. District Court,Gender,Male,Race or Ethnicity,White,John Tuchi  ,100
Court Type,U.S. District Court,Gender,Male,Race or Ethnicity,White,John Tunheim  ,100
Court Type,U.S. District Court,Gender,Male,Race or Ethnicity,White,John Woodcock Jr.,100
Court Type,U.S. District Court,Gender,Male,Race or Ethnicity,White,Jon DeGuilio  ,100
Court Type,U.S. District Court,Gender,Male,Race or Ethnicity,White,Jon Levy  ,100
Court Type,U.S. District Court,Gender,Male,Race or Ethnicity,White,Jon Tigar  ,100
Court Type,U.S. District Court,Gender,Male,Race or Ethnicity,White,Joseph Bianco  ,100
Court Type,U.S. District Court,Gender,Male,Race or Ethnicity,White,Joseph Laplante  ,100
Court Type,U.S. District Court,Gender,Male,Race or Ethnicity,White,Joseph Leeson Jr.,100
Court Type,U.S. District Court,Gender,Male,Race or Ethnicity,White,Joseph McKinley Jr.,100
Court Type,U.S. District Court,Gender,Male,Race or Ethnicity,White,Joshua Wolson ,100
Court Type,U.S. District Court,Gender,Male,Race or Ethnicity,White,Justin Walker ,100
Court Type,U.S. District Court,Gender,Male,Race or Ethnicity,White,Keith Ellison  ,100
Court Type,U.S. District Court,Gender,Male,Race or Ethnicity,White,Keith Starrett  ,100
Court Type,U.S. District Court,Gender,Male,Race or Ethnicity,White,Kenneth Bell Sr.,100
Court Type,U.S. District Court,Gender,Male,Race or Ethnicity,White,Kenneth Karas  ,100
Court Type,U.S. District Court,Gender,Male,Race or Ethnicity,White,Kenneth Marra  ,100
Court Type,U.S. District Court,Gender,Male,Race or Ethnicity,White,Kent Jordan  ,100
Court Type,U.S. District Court,Gender,Male,Race or Ethnicity,White,Kevin McNulty  ,100
Court Type,U.S. District Court,Gender,Male,Race or Ethnicity,White,Kevin Moore  ,100
Court Type,U.S. District Court,Gender,Male,Race or Ethnicity,White,Kevin Sharp  ,100
Court Type,U.S. District Court,Gender,Male,Race or Ethnicity,White,Kurt Engelhardt  ,100
Court Type,U.S. District Court,Gender,Male,Race or Ethnicity,White,L. Coogler  ,100
Court Type,U.S. District Court,Gender,Male,Race or Ethnicity,White,Lance Africk  ,100
Court Type,U.S. District Court,Gender,Male,Race or Ethnicity,White,Lance Walker ,100
Court Type,U.S. District Court,Gender,Male,Race or Ethnicity,White,Larry Burns  ,100
Court Type,U.S. District Court,Gender,Male,Race or Ethnicity,White,Lawrence O'Neill  ,100
Court Type,U.S. District Court,Gender,Male,Race or Ethnicity,White,Lawrence Stengel  ,100
Court Type,U.S. District Court,Gender,Male,Race or Ethnicity,White,Lawrence Vilardo  ,100
Court Type,U.S. District Court,Gender,Male,Race or Ethnicity,White,Layn Phillips  ,100
Court Type,U.S. District Court,Gender,Male,Race or Ethnicity,White,Lee Rudofsky ,100
Court Type,U.S. District Court,Gender,Male,Race or Ethnicity,White,Leo Sorokin  ,100
Court Type,U.S. District Court,Gender,Male,Race or Ethnicity,White,Leonard Stark  ,100
Court Type,U.S. District Court,Gender,Male,Race or Ethnicity,White,Leonard Strand  ,100
Court Type,U.S. District Court,Gender,Male,Race or Ethnicity,White,Lewis Liman ,100
Court Type,U.S. District Court,Gender,Male,Race or Ethnicity,White,Liam O'Grady  ,100
Court Type,U.S. District Court,Gender,Male,Race or Ethnicity,White,Liles Burke ,100
Court Type,U.S. District Court,Gender,Male,Race or Ethnicity,White,Louis Freeh  ,100
Court Type,U.S. District Court,Gender,Male,Race or Ethnicity,White,M. Harpool  ,100
Court Type,U.S. District Court,Gender,Male,Race or Ethnicity,White,Malachy Mannion  ,100
Court Type,U.S. District Court,Gender,Male,Race or Ethnicity,White,Marc Treadwell  ,100
Court Type,U.S. District Court,Gender,Male,Race or Ethnicity,White,Mark Bennett  ,100
Court Type,U.S. District Court,Gender,Male,Race or Ethnicity,White,Mark Cohen  ,100
Court Type,U.S. District Court,Gender,Male,Race or Ethnicity,White,Mark Davis  ,100
Court Type,U.S. District Court,Gender,Male,Race or Ethnicity,White,Mark Filip  ,100
Court Type,U.S. District Court,Gender,Male,Race or Ethnicity,White,Mark Fuller  ,100
Court Type,U.S. District Court,Gender,Male,Race or Ethnicity,White,Mark Goldsmith  ,100
Court Type,U.S. District Court,Gender,Male,Race or Ethnicity,White,Mark Hornak  ,100
Court Type,U.S. District Court,Gender,Male,Race or Ethnicity,White,Mark Kearney  ,100
Court Type,U.S. District Court,Gender,Male,Race or Ethnicity,White,Mark Kravitz  ,100
Court Type,U.S. District Court,Gender,Male,Race or Ethnicity,White,Mark Mastroianni  ,100
Court Type,U.S. District Court,Gender,Male,Race or Ethnicity,White,Mark Norris Sr.,100
Court Type,U.S. District Court,Gender,Male,Race or Ethnicity,White,Mark Pittman ,100
Court Type,U.S. District Court,Gender,Male,Race or Ethnicity,White,Mark Walker  ,100
Court Type,U.S. District Court,Gender,Male,Race or Ethnicity,White,Martin Reidinger  ,100
Court Type,U.S. District Court,Gender,Male,Race or Ethnicity,White,Matthew Brann  ,100
Court Type,U.S. District Court,Gender,Male,Race or Ethnicity,White,Matthew Kacsmaryk ,100
Court Type,U.S. District Court,Gender,Male,Race or Ethnicity,White,Matthew Kennelly  ,100
Court Type,U.S. District Court,Gender,Male,Race or Ethnicity,White,Matthew Leitman  ,100
Court Type,U.S. District Court,Gender,Male,Race or Ethnicity,White,Matthew McFarland ,100
Court Type,U.S. District Court,Gender,Male,Race or Ethnicity,White,Max Cogburn Jr.,100
Court Type,U.S. District Court,Gender,Male,Race or Ethnicity,White,Michael Barrett  ,100
Court Type,U.S. District Court,Gender,Male,Race or Ethnicity,White,Michael Brown ,100
Court Type,U.S. District Court,Gender,Male,Race or Ethnicity,White,Michael Fitzgerald  ,100
Court Type,U.S. District Court,Gender,Male,Race or Ethnicity,White,Michael Juneau ,100
Court Type,U.S. District Court,Gender,Male,Race or Ethnicity,White,Michael Liburdi ,100
Court Type,U.S. District Court,Gender,Male,Race or Ethnicity,White,Michael McShane  ,100
Court Type,U.S. District Court,Gender,Male,Race or Ethnicity,White,Michael Mills  ,100
Court Type,U.S. District Court,Gender,Male,Race or Ethnicity,White,Michael Mosman  ,100
Court Type,U.S. District Court,Gender,Male,Race or Ethnicity,White,Michael Reagan  ,100
Court Type,U.S. District Court,Gender,Male,Race or Ethnicity,White,Michael Shea  ,100
Court Type,U.S. District Court,Gender,Male,Race or Ethnicity,White,Michael Simon  ,100
Court Type,U.S. District Court,Gender,Male,Race or Ethnicity,White,Michael Truncale ,100
Court Type,U.S. District Court,Gender,Male,Race or Ethnicity,White,Michael Urbanski  ,100
Court Type,U.S. District Court,Gender,Male,Race or Ethnicity,White,Michael Watson  ,100
Court Type,U.S. District Court,Gender,Male,Race or Ethnicity,White,Mitchell Goldberg  ,100
Court Type,U.S. District Court,Gender,Male,Race or Ethnicity,White,Noel Hillman  ,100
Court Type,U.S. District Court,Gender,Male,Race or Ethnicity,White,P. Castel  ,100
Court Type,U.S. District Court,Gender,Male,Race or Ethnicity,White,Patrick Schiltz  ,100
Court Type,U.S. District Court,Gender,Male,Race or Ethnicity,White,Patrick Wyrick ,100
Court Type,U.S. District Court,Gender,Male,Race or Ethnicity,White,Paul Barbadoro  ,100
Court Type,U.S. District Court,Gender,Male,Race or Ethnicity,White,Paul Byron  ,100
Court Type,U.S. District Court,Gender,Male,Race or Ethnicity,White,Paul Cassell  ,100
Court Type,U.S. District Court,Gender,Male,Race or Ethnicity,White,Paul Diamond  ,100
Court Type,U.S. District Court,Gender,Male,Race or Ethnicity,White,Paul Engelmayer  ,100
Court Type,U.S. District Court,Gender,Male,Race or Ethnicity,White,Paul Gardephe  ,100
Court Type,U.S. District Court,Gender,Male,Race or Ethnicity,White,Paul Grimm  ,100
Court Type,U.S. District Court,Gender,Male,Race or Ethnicity,White,Paul Holmes III,100
Court Type,U.S. District Court,Gender,Male,Race or Ethnicity,White,Peter Phipps ,100
Court Type,U.S. District Court,Gender,Male,Race or Ethnicity,White,Peter Sheridan  ,100
Court Type,U.S. District Court,Gender,Male,Race or Ethnicity,White,Peter Welte ,100
Court Type,U.S. District Court,Gender,Male,Race or Ethnicity,White,Philip Brimmer  ,100
Court Type,U.S. District Court,Gender,Male,Race or Ethnicity,White,Philip Lawrence  ,100
Court Type,U.S. District Court,Gender,Male,Race or Ethnicity,White,Philip Simon  ,100
Court Type,U.S. District Court,Gender,Male,Race or Ethnicity,White,Phillip Figa  ,100
Court Type,U.S. District Court,Gender,Male,Race or Ethnicity,White,R. Baker ,100
Court Type,U.S. District Court,Gender,Male,Race or Ethnicity,White,R. Huffaker Jr.,100
Court Type,U.S. District Court,Gender,Male,Race or Ethnicity,White,R. Proctor  ,100
Court Type,U.S. District Court,Gender,Male,Race or Ethnicity,White,Ralph Erickson  ,100
Court Type,U.S. District Court,Gender,Male,Race or Ethnicity,White,Randolph Moss  ,100
Court Type,U.S. District Court,Gender,Male,Race or Ethnicity,White,Reed O'Connor  ,100
Court Type,U.S. District Court,Gender,Male,Race or Ethnicity,White,Richard Andrews  ,100
Court Type,U.S. District Court,Gender,Male,Race or Ethnicity,White,Richard Gergel  ,100
Court Type,U.S. District Court,Gender,Male,Race or Ethnicity,White,Richard Haik  ,100
Court Type,U.S. District Court,Gender,Male,Race or Ethnicity,White,Richard Schell  ,100
Court Type,U.S. District Court,Gender,Male,Race or Ethnicity,White,Richard Seeborg  ,100
Court Type,U.S. District Court,Gender,Male,Race or Ethnicity,White,Richard Story  ,100
Court Type,U.S. District Court,Gender,Male,Race or Ethnicity,White,Richard Sullivan  ,100
Court Type,U.S. District Court,Gender,Male,Race or Ethnicity,White,Richard Young  ,100
Court Type,U.S. District Court,Gender,Male,Race or Ethnicity,White,Robert Blackburn  ,100
Court Type,U.S. District Court,Gender,Male,Race or Ethnicity,White,Robert Brack  ,100
Court Type,U.S. District Court,Gender,Male,Race or Ethnicity,White,Robert Chambers  ,100
Court Type,U.S. District Court,Gender,Male,Race or Ethnicity,White,Robert Chatigny  ,100
Court Type,U.S. District Court,Gender,Male,Race or Ethnicity,White,Robert Colville ,100
Court Type,U.S. District Court,Gender,Male,Race or Ethnicity,White,Robert Conrad Jr.,100
Court Type,U.S. District Court,Gender,Male,Race or Ethnicity,White,Robert Dow Jr.,100
Court Type,U.S. District Court,Gender,Male,Race or Ethnicity,White,Robert Harwell  ,100
Court Type,U.S. District Court,Gender,Male,Race or Ethnicity,White,Robert Hinkle  ,100
Court Type,U.S. District Court,Gender,Male,Race or Ethnicity,White,Robert Jonker  ,100
Court Type,U.S. District Court,Gender,Male,Race or Ethnicity,White,Robert Kugler  ,100
Court Type,U.S. District Court,Gender,Male,Race or Ethnicity,White,Robert Lasnik  ,100
Court Type,U.S. District Court,Gender,Male,Race or Ethnicity,White,Robert Mariani  ,100
Court Type,U.S. District Court,Gender,Male,Race or Ethnicity,White,Robert Miller Jr.,100
Court Type,U.S. District Court,Gender,Male,Race or Ethnicity,White,Robert Pitman  ,100
Court Type,U.S. District Court,Gender,Male,Race or Ethnicity,White,Robert Rossiter Jr.,100
Court Type,U.S. District Court,Gender,Male,Race or Ethnicity,White,Robert Schroeder III,100
Court Type,U.S. District Court,Gender,Male,Race or Ethnicity,White,Robert Scola Jr.,100
Court Type,U.S. District Court,Gender,Male,Race or Ethnicity,White,Robert Shelby  ,100
Court Type,U.S. District Court,Gender,Male,Race or Ethnicity,White,Robert Summerhays ,100
Court Type,U.S. District Court,Gender,Male,Race or Ethnicity,White,Robert Wier ,100
Court Type,U.S. District Court,Gender,Male,Race or Ethnicity,White,Roberto Lange  ,100
Court Type,U.S. District Court,Gender,Male,Race or Ethnicity,White,Rodney Sippel  ,100
Court Type,U.S. District Court,Gender,Male,Race or Ethnicity,White,Ron Clark  ,100
Court Type,U.S. District Court,Gender,Male,Race or Ethnicity,White,Ronald Leighton  ,100
Court Type,U.S. District Court,Gender,Male,Race or Ethnicity,White,Ronald White  ,100
Court Type,U.S. District Court,Gender,Male,Race or Ethnicity,White,Roy Dalton Jr.,100
Court Type,U.S. District Court,Gender,Male,Race or Ethnicity,White,S. Hicks Jr.,100
Court Type,U.S. District Court,Gender,Male,Race or Ethnicity,White,Samuel Der-Yeghiayan  ,100
Court Type,U.S. District Court,Gender,Male,Race or Ethnicity,White,Scott Palk ,100
Court Type,U.S. District Court,Gender,Male,Race or Ethnicity,White,Scott Skavdahl  ,100
Court Type,U.S. District Court,Gender,Male,Race or Ethnicity,White,Sean Cox  ,100
Court Type,U.S. District Court,Gender,Male,Race or Ethnicity,White,Sean Jordan ,100
Court Type,U.S. District Court,Gender,Male,Race or Ethnicity,White,Sean McLaughlin  ,100
Court Type,U.S. District Court,Gender,Male,Race or Ethnicity,White,Sidney Fitzwater  ,100
Court Type,U.S. District Court,Gender,Male,Race or Ethnicity,White,Stanley Anderson  ,100
Court Type,U.S. District Court,Gender,Male,Race or Ethnicity,White,Stanley Bastian  ,100
Court Type,U.S. District Court,Gender,Male,Race or Ethnicity,White,Stefan Underhill  ,100
Court Type,U.S. District Court,Gender,Male,Race or Ethnicity,White,Stephen Bough  ,100
Court Type,U.S. District Court,Gender,Male,Race or Ethnicity,White,Stephen Clark Sr.,100
Court Type,U.S. District Court,Gender,Male,Race or Ethnicity,White,Stephen Larson  ,100
Court Type,U.S. District Court,Gender,Male,Race or Ethnicity,White,Stephen Limbaugh Jr.,100
Court Type,U.S. District Court,Gender,Male,Race or Ethnicity,White,Stephen Murphy III,100
Court Type,U.S. District Court,Gender,Male,Race or Ethnicity,White,Steven Merryday  ,100
Court Type,U.S. District Court,Gender,Male,Race or Ethnicity,White,Steven Seeger ,100
Court Type,U.S. District Court,Gender,Male,Race or Ethnicity,White,Sven Holmes  ,100
Court Type,U.S. District Court,Gender,Male,Race or Ethnicity,White,T. Wetherell II,100
Court Type,U.S. District Court,Gender,Male,Race or Ethnicity,White,Terrence Berg  ,100
Court Type,U.S. District Court,Gender,Male,Race or Ethnicity,White,Terry Doughty ,100
Court Type,U.S. District Court,Gender,Male,Race or Ethnicity,White,Terry Wooten  ,100
Court Type,U.S. District Court,Gender,Male,Race or Ethnicity,White,Thomas Barber ,100
Court Type,U.S. District Court,Gender,Male,Race or Ethnicity,White,Thomas Durkin  ,100
Court Type,U.S. District Court,Gender,Male,Race or Ethnicity,White,Thomas Hardiman  ,100
Court Type,U.S. District Court,Gender,Male,Race or Ethnicity,White,Thomas Johnston  ,100
Court Type,U.S. District Court,Gender,Male,Race or Ethnicity,White,Thomas Kleeh ,100
Court Type,U.S. District Court,Gender,Male,Race or Ethnicity,White,Thomas Ludington  ,100
Court Type,U.S. District Court,Gender,Male,Race or Ethnicity,White,Thomas Parker ,100
Court Type,U.S. District Court,Gender,Male,Race or Ethnicity,White,Thomas Rice  ,100
Court Type,U.S. District Court,Gender,Male,Race or Ethnicity,White,Thomas Schroeder  ,100
Court Type,U.S. District Court,Gender,Male,Race or Ethnicity,White,Thomas Thrash Jr.,100
Court Type,U.S. District Court,Gender,Male,Race or Ethnicity,White,Thomas Vanaskie  ,100
Court Type,U.S. District Court,Gender,Male,Race or Ethnicity,White,Thomas Varlan  ,100
Court Type,U.S. District Court,Gender,Male,Race or Ethnicity,White,Tilman Self III,100
Court Type,U.S. District Court,Gender,Male,Race or Ethnicity,White,Timothy Batten Sr.,100
Court Type,U.S. District Court,Gender,Male,Race or Ethnicity,White,Timothy Black  ,100
Court Type,U.S. District Court,Gender,Male,Race or Ethnicity,White,Timothy Brooks  ,100
Court Type,U.S. District Court,Gender,Male,Race or Ethnicity,White,Timothy Burgess  ,100
Court Type,U.S. District Court,Gender,Male,Race or Ethnicity,White,Timothy Cain  ,100
Court Type,U.S. District Court,Gender,Male,Race or Ethnicity,White,Timothy Corrigan  ,100
Court Type,U.S. District Court,Gender,Male,Race or Ethnicity,White,Timothy DeGiusti  ,100
Court Type,U.S. District Court,Gender,Male,Race or Ethnicity,White,Timothy Kelly ,100
Court Type,U.S. District Court,Gender,Male,Race or Ethnicity,White,Todd Campbell  ,100
Court Type,U.S. District Court,Gender,Male,Race or Ethnicity,White,Travis McDonough  ,100
Court Type,U.S. District Court,Gender,Male,Race or Ethnicity,White,Trevor McFadden ,100
Court Type,U.S. District Court,Gender,Male,Race or Ethnicity,White,Vincent Briccetti  ,100
Court Type,U.S. District Court,Gender,Male,Race or Ethnicity,White,W. Broadwater  ,100
Court Type,U.S. District Court,Gender,Male,Race or Ethnicity,White,Walter Counts III,100
Court Type,U.S. District Court,Gender,Male,Race or Ethnicity,White,Walter Kelley Jr.,100
Court Type,U.S. District Court,Gender,Male,Race or Ethnicity,White,William Campbell Jr.,100
Court Type,U.S. District Court,Gender,Male,Race or Ethnicity,White,William Conley  ,100
Court Type,U.S. District Court,Gender,Male,Race or Ethnicity,White,William Dimitrouleas  ,100
Court Type,U.S. District Court,Gender,Male,Race or Ethnicity,White,William Duffey Jr.,100
Court Type,U.S. District Court,Gender,Male,Race or Ethnicity,White,William Griesbach  ,100
Court Type,U.S. District Court,Gender,Male,Race or Ethnicity,White,William Hayes  ,100
Court Type,U.S. District Court,Gender,Male,Race or Ethnicity,White,William Johnson  ,100
Court Type,U.S. District Court,Gender,Male,Race or Ethnicity,White,William Jung ,100
Court Type,U.S. District Court,Gender,Male,Race or Ethnicity,White,William Orrick III,100
Court Type,U.S. District Court,Gender,Male,Race or Ethnicity,White,William Osteen Jr.,100
Court Type,U.S. District Court,Gender,Male,Race or Ethnicity,White,William Pauley III,100
Court Type,U.S. District Court,Gender,Male,Race or Ethnicity,White,William Ray II,100
Court Type,U.S. District Court,Gender,Male,Race or Ethnicity,White,William Smith  ,100
Court Type,U.S. District Court,Gender,Male,Race or Ethnicity,White,William Steele  ,100
Court Type,U.S. District Court,Gender,Male,Race or Ethnicity,White,William Stickman IV,100
Court Type,U.S. District Court,Gender,Male,Race or Ethnicity,White,William Watkins  ,100
