nid,jid,Court Type,Last Name,First Name,Middle Name,Suffix,Birth Year,Birth City,Birth State,Gender,Race or Ethnicity
1377101,26,U.S. Court of Appeals,Alito,Samuel,A.,Jr.,1950,Trenton,NJ,Male,White
1377416,90,U.S. District Court,Barbadoro,Paul,J., ,1955,Providence,RI,Male,White
1377746,156,U.S. District Court,Bennett,Mark,W., ,1950,Milwaukee,WI,Male,White
1377896,186,U.S. District Court,Blackburn,Sharon,Lovelace, ,1950,Pensacola,FL,Female,White
1377916,190,U.S. District Court,Blake,Catherine,C., ,1950,Boston,MA,Female,White
1378606,328,U.S. District Court,Burrage,Billy,Michael, ,1950,Durant,OK,Male,American Indian
1378801,367,U.S. District Court,Campbell,Todd,J., ,1956,Rockford,IL,Male,White
1378846,377,U.S. Court of Appeals,Carnes,Edward,Earl, ,1950,Albertville,AL,Male,White
1378851,378,U.S. District Court,Carnes,Julie,E., ,1950,Atlanta,GA,Female,White
1378946,398,U.S. District Court,Castillo,Rubén, , ,1954,Chicago,IL,Male,Hispanic
1378966,402,U.S. District Court,Cauthron,Robin,J., ,1950,Edmond,OK,Female,White
1379036,416,U.S. District Court,Chatigny,Robert,N., ,1951,Taunton,MA,Male,White
1379061,421,U.S. District Court,Chin,Denny, , ,1954,Kowloon,Hong Kong,Male,Asian American
1379321,473,U.S. Court of Appeals,Cole,Ransey,Guy,Jr.,1951,Birmingham,AL,Male,African American
1379456,500,U.S. District Court,Conway,Anne,C., ,1950,Cleveland,OH,Female,White
1380091,628,U.S. District Court,Doherty,Rebecca,F., ,1952,Fort Worth,TX,Female,White
1380106,631,U.S. District Court,Donald,Bernice,Bouie, ,1951,Desoto County,MS,Female,African American
1380776,765,U.S. District Court,Fitzwater,Sidney,Allen, ,1953,Olney,MD,Male,White
1380926,796,U.S. District Court,Freeh,Louis,J., ,1950,Jersey City,NJ,Male,White
1381036,818,U.S. District Court,Garcia,Orlando,Luis, ,1952,Jim Wells County,TX,Male,Hispanic
1381046,820,U.S. Court of Appeals,Garland,Merrick,B., ,1952,Chicago,IL,Male,White
1381091,829,U.S. District Court,Gaughan,Patricia,Anne, ,1953,Lakewood,OH,Female,White
1381171,845,U.S. District Court,Gibbons,Julia,Smith, ,1950,Pulaski,TN,Female,White
1381261,863,U.S. District Court,Gilmore,Vanessa,D., ,1956,St. Albans,NY,Female,African American
1381281,867,U.S. District Court,Gleeson,John, , ,1953,Bronx,NY,Male,White
1381496,911,U.S. District Court,Greenaway,Joseph,A.,Jr.,1957,London,England,Male,African American
1381646,941,U.S. District Court,Haik,Richard,T., ,1950,Lafayette,LA,Male,White
1381726,957,U.S. District Court,Hamilton,David,Frank, ,1957,Bloomington,IN,Male,White
1382076,1028,U.S. Court of Appeals,Henry,Robert,Harlan, ,1953,Shawnee,OK,Male,White
1382196,1053,U.S. District Court,Hinkle,Robert,Lewis, ,1951,Apalachicola,FL,Male,White
1382201,1054,U.S. District Court,Hinojosa,Ricardo,H., ,1950,Rio Grande City,TX,Male,Hispanic
1382346,1083,U.S. District Court,Holmes,Sven,Erik, ,1951,Grand Junction,CO,Male,White
1382366,1087,U.S. District Court,Hood,Denise,Page, ,1952,Columbus,OH,Female,African American
1382481,1110,U.S. District Court,Huff,Marilyn,L., ,1951,Ann Arbor,MI,Female,White
1382706,1155,U.S. District Court,Jackson,Carol,E., ,1952,St. Louis,MO,Female,African American
1383201,1254,U.S. District Court,Kendall,Elton,Joe, ,1954,Dallas,TX,Male,White
1383326,1280,U.S. District Court,King,George,H., ,1951,Shanghai,China,Male,Asian American
1383496,1314,U.S. Court of Appeals,Kozinski,Alex, , ,1950,Bucharest,Romania,Male,White
1383816,1379,U.S. District Court,Lenard,Joan,A., ,1952,Amityville,NY,Female,White
1383856,1387,U.S. District Court,Levi,David,F., ,1951,Chicago,IL,Male,White
1383891,1394,U.S. District Court,Lewis,Timothy,K., ,1954,Pittsburgh,PA,Male,African American
1383941,1404,U.S. District Court,Lisi,Mary,M., ,1950,Providence,RI,Female,White
1384136,1443,U.S. Court of Appeals,Luttig,J.,Michael, ,1954,Tyler,TX,Male,White
1384371,1490,U.S. District Court,Marten,John,Thomas, ,1951,Topeka,KS,Male,White
1384771,1571,U.S. District Court,McKinley,Joseph,H.,Jr.,1954,Owensboro,KY,Male,White
1384811,1579,U.S. District Court,McLaughlin,Sean,J., ,1955,Erie,PA,Male,White
1385051,1627,U.S. District Court,Merryday,Steven,Douglas, ,1950,Palatka,FL,Male,White
1385121,1641,U.S. District Court,Miles-LaGrange,Vicki, , ,1953,Oklahoma City,OK,Female,African American
1385161,1649,U.S. District Court,Miller,Robert,Lowell,Jr.,1950,South Bend,IN,Male,White
1385306,1678,U.S. District Court,Moore,Kevin,Michael, ,1951,Coral Gables,FL,Male,White
1385336,1684,U.S. District Court,Moreno,Federico,A., ,1952,Caracas,Venezuela,Male,Hispanic
1385431,1703,U.S. District Court,Moskowitz,Barry,Ted, ,1950,Paterson,NJ,Male,White
1385911,1800,U.S. District Court,O'Malley,Kathleen,McDonald, ,1956,Drexel Hill,PA,Female,White
1386251,1869,U.S. District Court,Perry,Catherine,D., ,1952,Hobart,OK,Female,White
1386306,1880,U.S. District Court,Phillips,Layn,R., ,1952,Oklahoma City,OK,Male,White
1386566,1933,U.S. District Court,Pregerson,Dean,D., ,1951,Los Angeles,CA,Male,White
1386671,1954,U.S. District Court,Raggi,Reena, , ,1951,Jersey City,NJ,Female,White
1387046,2032,U.S. District Court,Robinson,Sue,Lewis, ,1952,Mount Carmel,IL,Female,White
1387121,2047,U.S. District Court,Rosen,Gerald,Ellis, ,1951,Chandler,AZ,Male,White
1387151,2054,U.S. District Court,Rosenthal,Lee,Hyman, ,1952,Richmond,IN,Female,White
1387376,2099,U.S. District Court,Sargus,Edmund,A.,Jr.,1953,Wheeling,WV,Male,White
1387381,2100,U.S. District Court,Saris,Patti,B., ,1951,Boston,MA,Female,White
1387446,2113,U.S. District Court,Schell,Richard,A., ,1950,Dallas,TX,Male,White
1387711,2167,U.S. District Court,Shedd,Dennis,W., ,1953,Cordova,SC,Male,White
1387941,2213,U.S. District Court,Smith,David,Brooks, ,1951,Altoona,PA,Male,White
1388071,2239,U.S. District Court,Solis,Jorge,Antonio, ,1951,San Ygnacio,TX,Male,Hispanic
1388091,2243,U.S. District Court,Sotomayor,Sonia, , ,1954,Bronx,NY,Female,Hispanic
1388336,2292,U.S. Court of Appeals,Stewart,Carl,E., ,1950,Shreveport,LA,Male,African American
1388711,2367,U.S. Court of Appeals,Thomas,Sidney,Runyan, ,1953,Bozeman,MT,Male,White
1388731,2371,U.S. District Court,Thompson,Alvin,W., ,1953,Baltimore,MD,Male,African American
1388836,2392,U.S. District Court,Tinder,John,Daniel, ,1950,Indianapolis,IN,Male,White
1388976,2421,U.S. District Court,Tunheim,John,R., ,1953,Thief River Falls,MN,Male,White
1389036,2433,U.S. District Court,Ungaro,Ursula, , ,1951,Miami Beach,FL,Female,White
1389126,2451,U.S. District Court,Vanaskie,Thomas,Ignatius, ,1953,Shamokin,PA,Male,White
1389136,2453,U.S. District Court,Vance,Sarah,S., ,1950,Donaldsonville,LA,Female,White
1389151,2456,U.S. District Court,Vázquez,Martha,Alicia, ,1953,Santa Barbara,CA,Female,Hispanic
1389371,2501,U.S. District Court,Wardlaw,Kim,McLane, ,1954,San Francisco,CA,Female,Hispanic
1389946,2617,U.S. District Court,Winmill,B.,Lynn, ,1952,Blackfoot,ID,Male,White
1390036,2636,U.S. Court of Appeals,Wood,Diane,Pamela, ,1950,Plainfield,NJ,Female,White
1390451,2722,U.S. District Court,Chambers,Robert,Charles, ,1952,Williamson,WV,Male,White
1390466,2725,U.S. District Court,Droney,Christopher,Fitzgerald, ,1954,Hartford,CT,Male,White
1390491,2730,U.S. District Court,Gwin,James,S., ,1954,Canton,OH,Male,White
1390511,2734,U.S. District Court,Jenkins,Martin,J., ,1953,San Francisco,CA,Male,African American
1390536,2739,U.S. District Court,Marbley,Algenon,L., ,1954,Morehead City,NC,Male,African American
1390561,2745,U.S. District Court,Sippel,Rodney,W., ,1956,Jefferson City,MO,Male,White
1390576,2748,U.S. District Court,Thrash,Thomas,W.,Jr.,1951,Birmingham,AL,Male,White
1390581,2749,U.S. District Court,Story,Richard,W., ,1953,Augusta,GA,Male,White
1390586,2750,U.S. District Court,Aiken,Ann,L., ,1951,Salem,OR,Female,White
1390596,2752,U.S. Court of Appeals,Silverman,Barry,G., ,1951,New York,NY,Male,White
1390601,2753,U.S. District Court,Morrow,Margaret,M., ,1950,Columbus,NE,Female,White
1390606,2754,U.S. District Court,Young,Richard,L., ,1953,Davenport,IA,Male,White
1390616,2756,U.S. District Court,Lindsay,Sam,A., ,1951,San Antonio,TX,Male,African American
1390641,2761,U.S. Court of Appeals,McKeown,M.,Margaret, ,1951,Casper,WY,Female,White
1390651,2763,U.S. District Court,Lemelle,Ivan,L. R., ,1950,Opelousas,LA,Male,African American
1390671,2767,U.S. District Court,Rawlinson,Johnnie,B., ,1952,Concord,NC,Female,African American
1390676,2768,U.S. District Court,Dimitrouleas,William,P., ,1951,Lynn,MA,Male,White
1390696,2772,U.S. District Court,Sleet,Gregory,Moneta, ,1951,New York,NY,Male,African American
1390716,2776,U.S. District Court,Roberts,Victoria,A., ,1951,Detroit,MI,Female,African American
1390721,2777,U.S. District Court,Roberts,Richard,W., ,1953,New York,NY,Male,African American
1390741,2781,U.S. District Court,Collins,Raner,Christercunean, ,1952,Malvern,AR,Male,African American
1390756,2784,U.S. District Court,Mollway,Susan,Oki, ,1950,Honolulu,HI,Female,Asian American
1390761,2785,U.S. District Court,Polster,Dan,A., ,1951,Cleveland,OH,Male,White
1390771,2787,U.S. District Court,Buttram,H.,Dean,Jr.,1950,Gadsden,AL,Male,White
1390801,2793,U.S. District Court,Frank,Donovan,W., ,1951,Rochester,MN,Male,White
1390811,2795,U.S. District Court,Herndon,David,R., ,1953,Sedalia,MO,Male,White
1390816,2796,U.S. District Court,Kane,Yvette, , ,1953,Donaldsonville,LA,Female,White
1390821,2797,U.S. District Court,Lasnik,Robert,S., ,1951,Staten Island,NY,Male,White
1390826,2798,U.S. District Court,Manella,Nora,Margaret, ,1951,Los Angeles,CA,Female,White
1390831,2799,U.S. District Court,McMahon,Colleen, , ,1951,Columbus,OH,Female,White
1390846,2802,U.S. District Court,Pallmeyer,Rebecca,R., ,1954,Tokyo,Japan,Female,White
1390851,2803,U.S. District Court,Pauley,William,H.,III,1952,Glen Cove,NY,Male,White
1390881,2809,U.S. District Court,Lee,Gerald,Bruce, ,1952,Washington,DC,Male,African American
1390941,2821,U.S. District Court,Kennelly,Matthew,F., ,1956,Marion,IN,Male,White
1390946,2822,U.S. District Court,Ellison,Keith,P., ,1950,New Orleans,LA,Male,White
1390961,2825,U.S. District Court,Schreier,Karen,E., ,1956,Sioux Falls,SD,Female,White
1390966,2826,U.S. District Court,Underhill,Stefan,R., ,1956,Battle Creek,MI,Male,White
1390976,2828,U.S. Court of Appeals,Katzmann,Robert,A., ,1953,New York,NY,Male,White
1390986,2830,U.S. Court of Appeals,Wilson,Charles,R., ,1954,Pensacola,FL,Male,African American
1390991,2831,U.S. District Court,Jordan,Adalberto,Jose, ,1961,Havana,Cuba,Male,Hispanic
1390996,2832,U.S. District Court,Murguia,Carlos, , ,1957,Kansas City,KS,Male,Hispanic
1391001,2833,U.S. District Court,Pechman,Marsha,J., ,1951,Salem,OR,Female,White
1391036,2840,U.S. District Court,Brown,Anna,J., ,1952,Portland,OR,Female,White
1391046,2842,U.S. District Court,Hochberg,Faith,S., ,1950,East Orange,NJ,Female,White
1391071,2847,U.S. District Court,Phillips,Virginia,A., ,1957,Orange,CA,Female,White
1391081,2849,U.S. District Court,Lynn,Barbara,M., ,1952,Binghamton,NY,Female,White
1391106,2854,U.S. District Court,Daniels,George,B., ,1953,Allendale,SC,Male,African American
1391151,2863,U.S. District Court,Hamilton,Phyllis,Jean, ,1952,Jacksonville,IL,Female,African American
1391161,2865,U.S. District Court,Lawson,David,M., ,1951,Detroit,MI,Male,White
1391166,2866,U.S. District Court,Lynch,Gerard,E., ,1951,Brooklyn,NY,Male,White
1391186,2870,U.S. Court of Appeals,Tallman,Richard,C., ,1953,Oakland,CA,Male,White
1391191,2871,U.S. District Court,Tucker,Petrese,B., ,1951,Philadelphia,PA,Female,African American
1391196,2872,U.S. District Court,Whittemore,James,D., ,1952,Walterboro,SC,Male,White
1391216,2876,U.S. District Court,Martin,Beverly,Baldwin, ,1955,Macon,GA,Female,White
1391251,2883,U.S. District Court,Swain,Laura,Taylor, ,1958,Brooklyn,NY,Female,African American
1391256,2884,U.S. District Court,Bolton,Susan,Ritchie, ,1951,Philadelphia,PA,Female,White
1391261,2885,U.S. District Court,Murguia,Mary,Helen, ,1960,Kansas City,KS,Female,Hispanic
1391266,2886,U.S. District Court,Reagan,Michael,Joseph, ,1954,Albuquerque,NM,Male,White
1391276,2888,U.S. Court of Appeals,Gregory,Roger,L., ,1953,Philadelphia,PA,Male,African American
1391296,2892,U.S. Court of Appeals,Prost,Sharon, , ,1951,Newburyport,MA,Female,White
1391306,2894,U.S. District Court,Caldwell,Karen,K., ,1956,Stanford,KY,Female,White
1391311,2895,U.S. District Court,Smith Camp,Laurie, , ,1953,Omaha,NE,Female,White
1391316,2896,U.S. District Court,Eagan,Claire, , ,1950,Bronx,NY,Female,White
1391326,2898,U.S. District Court,Armijo,M.,Christina, ,1951,Las Vegas,NM,Female,Hispanic
1391331,2899,U.S. District Court,Bowdre,Karon,O., ,1955,Montgomery,AL,Female,White
1391346,2902,U.S. District Court,Mills,Michael,P., ,1956,Charleston,SC,Male,White
1391351,2903,U.S. District Court,Engelhardt,Kurt,Damian, ,1960,New Orleans,LA,Male,White
1391361,2905,U.S. District Court,Heaton,Joe,L., ,1951,Alva,OK,Male,White
1391366,2906,U.S. District Court,Wooten,Terry,L., ,1954,Louisville,KY,Male,White
1391371,2907,U.S. District Court,Reeves,Danny,C., ,1957,Corbin,KY,Male,White
1391376,2908,U.S. District Court,Robinson,Julie,A., ,1957,Omaha,NE,Female,African American
1391386,2910,U.S. District Court,Johnson,William,Paul, ,1959,Roanoke,VA,Male,White
1391391,2911,U.S. District Court,Land,Clay,D., ,1960,Shreveport,LA,Male,White
1391406,2914,U.S. District Court,Krieger,Marcia,S., ,1954,Denver,CO,Female,White
1391416,2916,U.S. District Court,Granade,Callie,V., ,1950,Lexington,VA,Female,White
1391421,2917,U.S. District Court,Martinez,Philip,Ray, ,1957,El Paso,TX,Male,Hispanic
1391426,2918,U.S. District Court,Zainey,Jay,C., ,1951,New Orleans,LA,Male,White
1391431,2919,U.S. District Court,Bunning,David,L., ,1966,Ft. Thomas,KY,Male,White
1391446,2922,U.S. District Court,Blackburn,Robert,E., ,1950,Lakewood,CO,Male,White
1391451,2923,U.S. District Court,Jorgenson,Cindy,K., ,1953,Fort Ord,CA,Female,White
1391466,2926,U.S. District Court,Crane,Randy, , ,1965,Houston,TX,Male,Hispanic
1391471,2927,U.S. District Court,Africk,Lance,M., ,1951,New York,NY,Male,White
1391481,2929,U.S. District Court,Davis,Legrome,D., ,1952,Columbus,OH,Male,African American
1391486,2930,U.S. District Court,Griesbach,William,C., ,1954,Milwaukee,WI,Male,White
1391491,2931,U.S. District Court,Hanen,Andrew,S., ,1953,Elgin,IL,Male,White
1391496,2932,U.S. Court of Appeals,Howard,Jeffrey,R., ,1955,Claremont,NH,Male,White
1391501,2933,U.S. District Court,Ericksen,Joan,N., ,1954,St. Paul,MN,Female,White
1391536,2940,U.S. District Court,Cassell,Paul,G., ,1959,Orange,CA,Male,White
1391546,2942,U.S. Court of Appeals,Clifton,Richard,R., ,1950,Framingham,MA,Male,White
1391551,2943,U.S. District Court,Conner,Christopher,C., ,1957,Harrisburg,PA,Male,White
1391556,2944,U.S. District Court,England,Morrison,C.,Jr.,1954,St. Louis,MO,Male,African American
1391561,2945,U.S. District Court,Godbey,David,C., ,1957,Temple,TX,Male,White
1391566,2946,U.S. District Court,Jones,John,E.,III,1955,Pottsville,PA,Male,White
1391576,2948,U.S. Court of Appeals,Smith,Lavenski,R., ,1958,Hope,AR,Male,African American
1391581,2949,U.S. District Court,Autrey,Henry,Edward, ,1952,Mobile,AL,Male,African American
1391586,2950,U.S. District Court,Cercone,David,S., ,1952,Pittsburgh,PA,Male,White
1391596,2952,U.S. District Court,Corrigan,Timothy,J., ,1956,Jacksonville,FL,Male,White
1391611,2955,U.S. District Court,Marra,Kenneth,A., ,1951,Queens,NY,Male,White
1391621,2957,U.S. District Court,St. Eve,Amy,Joan, ,1965,Belleville,IL,Female,White
1391636,2960,U.S. District Court,Clark,Ron, , ,1953,Caripito,Venezuela,Male,White
1391661,2965,U.S. District Court,Leighton,Ronald,B., ,1951,Stockton,CA,Male,White
1391666,2966,U.S. District Court,Hovland,Daniel,L., ,1954,Moorhead,MN,Male,White
1391681,2969,U.S. District Court,Moses,Alia, , ,1962,Eagle Pass,TX,Female,Hispanic
1391691,2971,U.S. District Court,Kinkeade,James,E., ,1951,Denton,TX,Male,White
1391696,2972,U.S. District Court,Smith,William,E., ,1959,Boise,ID,Male,White
1391706,2974,U.S. District Court,Jordan,Kent,A., ,1957,West Point,NY,Male,White
1391711,2975,U.S. District Court,Fuller,Mark,E., ,1958,Enterprise,AL,Male,White
1391721,2977,U.S. District Court,Kugler,Robert,B., ,1950,Camden,NJ,Male,White
1391726,2978,U.S. District Court,Linares,Jose,L., ,1953,Havana,Cuba,Male,Hispanic
1391731,2979,U.S. District Court,Wolfson,Freda,L., ,1954,Vineland,NJ,Female,White
1391736,2980,U.S. Court of Appeals,McConnell,Michael,W., ,1955,Louisville,KY,Male,White
1391741,2981,U.S. Court of Appeals,Bybee,Jay,S., ,1953,Oakland,CA,Male,White
1391751,2983,U.S. District Court,Erickson,Ralph,R., ,1959,Thief River Falls,MN,Male,White
1391756,2984,U.S. District Court,Varlan,Thomas,A., ,1956,Oak Ridge,TN,Male,White
1391766,2986,U.S. District Court,Steele,William,H., ,1951,Tuscumbia,AL,Male,White
1391771,2987,U.S. District Court,Breen,J.,Daniel, ,1950,Jackson,TN,Male,White
1391776,2988,U.S. District Court,Otero,S.,James, ,1951,Los Angeles,CA,Male,Hispanic
1391781,2989,U.S. District Court,Adams,John,R., ,1955,Orrville,OH,Male,White
1391791,2991,U.S. Court of Appeals,Tymkovich,Timothy,M., ,1956,Denver,CO,Male,White
1391801,2993,U.S. District Court,Simon,Philip,P., ,1962,Pittsburgh,PA,Male,White
1391806,2994,U.S. District Court,Carney,Cormac,J., ,1959,Detroit,MI,Male,White
1391821,2997,U.S. District Court,Altonaga,Cecilia,M., ,1962,Baltimore,MD,Female,Hispanic
1391826,2998,U.S. Court of Appeals,Cook,Deborah,L., ,1952,Pittsburgh,PA,Female,White
1391831,2999,U.S. District Court,Hicks,S.,Maurice,Jr.,1952,New Orleans,LA,Male,White
1391841,3001,U.S. Court of Appeals,Roberts,John,Glover,Jr.,1955,Buffalo,NY,Male,White
1391846,3002,U.S. Court of Appeals,Callahan,Consuelo,Maria, ,1950,Palo Alto,CA,Female,Hispanic
1391851,3003,U.S. Court of Appeals,Chertoff,Michael, , ,1953,Elizabeth,NJ,Male,White
1391856,3004,U.S. District Court,Greer,J.,Ronnie, ,1952,Mountain City,TN,Male,White
1391871,3007,U.S. District Court,Springmann,Theresa,Lazar, ,1956,Gary,IN,Female,White
1391876,3008,U.S. District Court,Coogler,L.,Scott, ,1959,Nantucket,MA,Male,White
1391881,3009,U.S. District Court,Woodcock,John,A.,Jr.,1950,Bangor,ME,Male,White
1391886,3010,U.S. Court of Appeals,Sutton,Jeffrey,S., ,1960,Dhahran,Saudi Arabia,Male,White
1391891,3011,U.S. District Court,Campbell,David,G., ,1952,Salt Lake City,UT,Male,White
1391896,3012,U.S. District Court,Brack,Robert,C., ,1953,Lynwood,CA,Male,White
1391901,3013,U.S. District Court,Der-Yeghiayan,Samuel, , ,1952,Aleppo,Syria,Male,White
1391911,3015,U.S. Court of Appeals,Duncan,Allyson,Kay, ,1951,Durham,NC,Female,African American
1391916,3016,U.S. District Court,Flanagan,Louise,W., ,1962,Richmond,VA,Female,White
1391926,3018,U.S. District Court,Cardone,Kathleen, , ,1953,Medina,NY,Female,Hispanic
1391936,3020,U.S. District Court,Rodriguez,Xavier, , ,1961,San Antonio,TX,Male,Hispanic
1391941,3021,U.S. District Court,Montalvo,Frank, , ,1956,Bayamon,Puerto Rico,Male,Hispanic
1391951,3023,U.S. District Court,Browning,James,O., ,1956,Levelland,TX,Male,White
1391956,3024,U.S. Court of Appeals,Colloton,Steven,M., ,1963,Iowa City,IA,Male,White
1391961,3025,U.S. District Court,Proctor,R.,David, ,1960,Atlanta,GA,Male,White
1391976,3028,U.S. District Court,Robinson,Stephen,C., ,1957,Brooklyn,NY,Male,African American
1391981,3029,U.S. District Court,Castel,P.,Kevin, ,1950,Jamaica,NY,Male,White
1392001,3033,U.S. District Court,Burns,Larry,Alan, ,1954,Pasadena,CA,Male,White
1392006,3034,U.S. District Court,Mosman,Michael,W., ,1956,Eugene,OR,Male,White
1392011,3035,U.S. District Court,Sabraw,Dana,Makoto, ,1958,San Rafael,CA,Male,Asian American
1392021,3037,U.S. District Court,Crone,Marcia,A., ,1952,Dallas,TX,Female,White
1392026,3038,U.S. District Court,White,Ronald,A., ,1961,Sapulpa,OK,Male,White
1392031,3039,U.S. District Court,Hayes,William,Q., ,1956,Bronxville,NY,Male,White
1392036,3040,U.S. District Court,Houston,John,A., ,1952,Greensboro,NC,Male,African American
1392051,3043,U.S. District Court,Rodgers,Margaret,Catharine, ,1964,Pensacola,FL,Female,White
1392056,3044,U.S. District Court,Hardiman,Thomas,Michael, ,1965,Winchester,MA,Male,White
1392061,3045,U.S. District Court,Fischer,Dale,S., ,1951,Orange,NJ,Female,White
1392081,3049,U.S. District Court,Filip,Mark,R., ,1966,Chicago,IL,Male,White
1392086,3050,U.S. Court of Appeals,Pryor,William,Holcombe,Jr.,1962,Mobile,AL,Male,White
1392091,3051,U.S. District Court,Guirola,Louis, ,Jr.,1951,Baltimore,MD,Male,Hispanic
1392101,3053,U.S. District Court,Cooke,Marcia,G., ,1954,Sumter,SC,Female,African American
1392106,3054,U.S. Court of Appeals,Gruender,Raymond,W., ,1963,St. Louis,MO,Male,White
1392111,3055,U.S. District Court,Saylor,F.,Dennis,IV,1955,Royal Oak,MI,Male,White
1392121,3057,U.S. District Court,Karas,Kenneth,M., ,1964,Colorado Springs,CO,Male,White
1392126,3058,U.S. District Court,Herrera,Judith,C., ,1954,Chicago,IL,Female,Hispanic
1392131,3059,U.S. District Court,Hopkins,Virginia,Emerson, ,1952,Anniston,AL,Female,White
1392136,3060,U.S. District Court,Martinez,Ricardo,S., ,1951,Mercedes,TX,Male,Hispanic
1392146,3062,U.S. District Court,Duffey,William,S.,Jr.,1952,Philadelphia,PA,Male,White
1392151,3063,U.S. District Court,Stengel,Lawrence,F., ,1952,Lancaster,PA,Male,White
1392156,3064,U.S. District Court,Diamond,Paul,Steven, ,1953,Brooklyn,NY,Male,White
1392166,3066,U.S. District Court,Benitez,Roger,T., ,1950,Havana,Cuba,Male,Hispanic
1392171,3067,U.S. District Court,Boyle,Jane,J., ,1954,Sharon,PA,Female,White
1392176,3068,U.S. District Court,Sánchez,Juan,Ramon, ,1955,Vega Baja,Puerto Rico,Male,Hispanic
1392181,3069,U.S. District Court,Kelley,Walter,DeKalb,Jr.,1955,Norfolk,VA,Male,White
1392186,3070,U.S. Court of Appeals,Benton,William,Duane, ,1950,Springfield,MO,Male,White
1392196,3072,U.S. District Court,Harwell,Robert,Bryan, ,1959,Florence,SC,Male,White
1392206,3074,U.S. Court of Appeals,Sykes,Diane,S., ,1957,Milwaukee,WI,Female,White
1392211,3075,U.S. District Court,Irizarry,Dora,L., ,1955,San Sebastian,Puerto Rico,Female,Hispanic
1392216,3076,U.S. District Court,Holmes,James,Leon, ,1951,Hazen,AR,Male,White
1392221,3077,U.S. District Court,Covington,Virginia,Maria Hernandez, ,1955,Tampa,FL,Female,Hispanic
1392231,3079,U.S. District Court,Watson,Michael,H., ,1956,Akron,OH,Male,White
1392236,3080,U.S. District Court,Alvarez,Micaela, , ,1958,Donna,TX,Female,Hispanic
1392241,3081,U.S. District Court,Starrett,Keith, , ,1951,McComb,MS,Male,White
1392246,3082,U.S. District Court,Boyko,Christopher,A., ,1954,Cleveland,OH,Male,White
1392256,3084,U.S. District Court,Seabright,John,Michael, ,1959,Wheeling,WV,Male,White
1392261,3085,U.S. District Court,Conrad,Robert,James,Jr.,1958,Chicago,IL,Male,White
1392266,3086,U.S. District Court,Dever,James,C.,III,1962,Lake Charles,LA,Male,White
1392271,3087,U.S. Court of Appeals,Owen,Priscilla,Richman, ,1954,Palacios,TX,Female,White
1392281,3089,U.S. Court of Appeals,Griffin,Richard,Allen, ,1952,Traverse City,MI,Male,White
1392286,3090,U.S. Court of Appeals,Griffith,Thomas,Beall, ,1954,Yokohama,Japan,Male,White
1392291,3091,U.S. District Court,Sandoval,Brian,Edward, ,1963,Redding,CA,Male,Hispanic
1392296,3092,U.S. District Court,Mattice,Harry,Sandlin,Jr.,1954,Chattanooga,TN,Male,White
1392311,3095,U.S. District Court,Bianco,Joseph,Frank, ,1966,Flushing,NY,Male,White
1392316,3096,U.S. District Court,Burgess,Timothy,Mark, ,1956,San Francisco,CA,Male,White
1392321,3097,U.S. District Court,DuBose,Kristi, , ,1964,Brewton,AL,Female,White
1392326,3098,U.S. District Court,Kendall,Virginia,Mary, ,1962,Evanston,IL,Female,White
1392336,3100,U.S. District Court,Van Tatenhove,Gregory,Frederick, ,1960,Los Angeles,CA,Male,White
1392341,3101,U.S. District Court,Watkins,William,Keith, ,1951,Pike County,AL,Male,White
1392346,3102,U.S. District Court,Batten,Timothy,C.,Sr.,1960,Atlanta,GA,Male,White
1392351,3103,U.S. District Court,Delgado-Colón,Aida,M., ,1955,Lares,Puerto Rico,Female,Hispanic
1392356,3104,U.S. District Court,Johnston,Thomas,E., ,1967,Charleston,WV,Male,White
1392361,3105,U.S. District Court,Larson,Stephen,G., ,1964,Fontana,CA,Male,White
1392366,3106,U.S. District Court,Zouhary,Jack, , ,1951,Toledo,OH,Male,White
1392371,3107,U.S. Court of Appeals,Chagares,Michael,A., ,1962,Pittsburgh,PA,Male,White
1392381,3109,U.S. District Court,Schiltz,Patrick,Joseph, ,1960,Duluth,MN,Male,White
1392386,3110,U.S. District Court,Barrett,Michael,Ryan, ,1951,Cincinnati,OH,Male,White
1392391,3111,U.S. District Court,Cogan,Brian,Mark, ,1954,Chicago,IL,Male,White
1392406,3114,U.S. Court of Appeals,Kavanaugh,Brett,M., ,1965,Washington,DC,Male,White
1392411,3115,U.S. District Court,Wigenton,Susan,Davis, ,1962,Neptune,NJ,Female,African American
1392416,3116,U.S. District Court,Bumb,Renee,Marie, ,1960,Bellevue,OH,Female,White
1392421,3117,U.S. District Court,Cox,Sean,Francis, ,1957,Detroit,MI,Male,White
1392426,3118,U.S. District Court,Hillman,Noel,Lawrence, ,1956,Red Bank,NJ,Male,White
1392431,3119,U.S. District Court,Ludington,Thomas,Lamson, ,1953,Midland,MI,Male,White
1392436,3120,U.S. District Court,Sheridan,Peter,G., ,1950,Cambridge,MA,Male,White
1392441,3121,U.S. Court of Appeals,Ikuta,Sandra,Segal, ,1954,Los Angeles,CA,Female,White
1392446,3122,U.S. District Court,Guilford,Andrew,J., ,1950,Santa Monica,CA,Male,White
1392451,3123,U.S. District Court,Whitney,Frank,DeArmon, ,1959,Charlotte,NC,Male,White
1392456,3124,U.S. District Court,Gelpí,Gustavo,Antonio,Jr.,1965,San Juan,Puerto Rico,Male,Hispanic
1392461,3125,U.S. Court of Appeals,Gorsuch,Neil,M., ,1967,Denver,CO,Male,White
1392466,3126,U.S. District Court,Jordan,Daniel,Porter,III,1964,Fort Bragg,NC,Male,White
1392471,3127,U.S. Court of Appeals,Shepherd,Bobby,E., ,1951,Arkadelphia,AR,Male,White
1392476,3128,U.S. Court of Appeals,Holmes,Jerome,A., ,1961,Washington,DC,Male,African American
1392481,3129,U.S. Court of Appeals,Moore,Kimberly,Ann, ,1968,Baltimore,MD,Female,White
1392491,3131,U.S. District Court,Wood,Lisa,Godbey, ,1963,Lexington,KY,Female,White
1392496,3132,U.S. District Court,Gutierrez,Philip,S., ,1959,Los Angeles,CA,Male,Hispanic
1392506,3134,U.S. District Court,Frizzell,Gregory,Kent, ,1956,Wichita,KS,Male,White
1392511,3135,U.S. District Court,O'Neill,Lawrence,Joseph, ,1952,Oakland,CA,Male,White
1392516,3136,U.S. District Court,Fischer,Nora,Barry, ,1951,Homestead,PA,Female,White
1392526,3138,U.S. District Court,Howard,Marcia,Morales, ,1965,Jacksonville,FL,Female,Hispanic
1392531,3139,U.S. District Court,Jarvey,John,Alfred, ,1956,Minneapolis,MN,Male,White
1392536,3140,U.S. District Court,Lioi,Sara,Elizabeth, ,1960,Canton,OH,Female,White
1392541,3141,U.S. District Court,Bailey,John,Preston, ,1951,Wheeling,WV,Male,White
1392551,3143,U.S. District Court,Wu,George,H., ,1950,New York,NY,Male,Asian American
1392556,3144,U.S. District Court,Bryant,Vanessa,Lynne, ,1954,Queens,NY,Female,African American
1392561,3145,U.S. District Court,Ozerden,Halil,Suleyman, ,1966,Hattiesburg,MS,Male,White
1392566,3146,U.S. District Court,Kapala,Frederick,J., ,1950,Rockford,IL,Male,White
1392571,3147,U.S. Court of Appeals,Livingston,Debra,Ann, ,1959,Waycross,GA,Female,White
1392581,3149,U.S. District Court,Sullivan,Richard,Joseph, ,1964,Manhasset,NY,Male,White
1392591,3151,U.S. District Court,O'Grady,Liam, , ,1950,Newark,NJ,Male,White
1392596,3152,U.S. District Court,Jonker,Robert,James, ,1960,Holland,MI,Male,White
1392611,3155,U.S. District Court,DeGiusti,Timothy,D., ,1962,Oklahoma City,OK,Male,White
1392616,3156,U.S. District Court,Osteen,William,Lindsay,Jr.,1960,Greensboro,NC,Male,White
1392621,3157,U.S. District Court,Reidinger,Martin,Karl, ,1958,New Haven,CT,Male,White
1392626,3158,U.S. District Court,Sammartino,Janis,Lynn, ,1950,Philadelphia,PA,Female,White
1392631,3159,U.S. Court of Appeals,Elrod,Jennifer,Walker, ,1966,Port Arthur,TX,Female,White
1392636,3160,U.S. District Court,Jones,Richard,A., ,1950,Seattle,WA,Male,African American
1392641,3161,U.S. District Court,Aycock,Sharion, , ,1955,Tupelo,MS,Female,White
1392646,3162,U.S. District Court,Mauskopf,Roslynn,Renee, ,1957,Washington,DC,Female,White
1392651,3163,U.S. Court of Appeals,Southwick,Leslie, , ,1950,Edinburg,TX,Male,White
1392656,3164,U.S. District Court,Dow,Robert,Michael,Jr.,1965,Madison,WI,Male,White
1392661,3165,U.S. District Court,O'Connor,Reed,Charles, ,1965,Houston,TX,Male,White
1392666,3166,U.S. District Court,Thapar,Amul,Roger, ,1969,Detroit,MI,Male,Asian American
1392671,3167,U.S. District Court,Laplante,Joseph,Normand, ,1965,Nashua,NH,Male,White
1392676,3168,U.S. District Court,Schroeder,Thomas,D., ,1959,Atlanta,GA,Male,White
1392681,3169,U.S. Court of Appeals,Haynes,Catharina, , ,1963,Melbourne,FL,Female,White
1392686,3170,U.S. District Court,Miller,Brian,Stacy, ,1967,Pine Bluff,AR,Male,African American
1392691,3171,U.S. District Court,Hall,James,Randal, ,1958,Augusta,GA,Male,White
1392696,3172,U.S. District Court,Mendez,John,A., ,1955,Oakland,CA,Male,Hispanic
1392701,3173,U.S. District Court,Anderson,Stanley,Thomas, ,1953,Lexington,TN,Male,White
1392706,3174,U.S. Court of Appeals,Agee,G.,Steven, ,1952,Roanoke,VA,Male,White
1392711,3175,U.S. District Court,Davis,Mark,Steven, ,1962,Portsmouth,VA,Male,White
1392716,3176,U.S. District Court,Kays,David,Gregory, ,1962,Kansas City,MO,Male,White
1392721,3177,U.S. District Court,Limbaugh,Stephen,Nathaniel,Jr.,1952,Cape Girardeau,MO,Male,White
1392726,3178,U.S. Court of Appeals,White,Helene,N., ,1954,Jackson Heights,NY,Female,White
1392731,3179,U.S. Court of Appeals,Kethledge,Raymond,M., ,1966,Summit,NJ,Male,White
1392736,3180,U.S. District Court,Murphy,Stephen,Joseph,III,1962,St. Louis,MO,Male,White
1392746,3182,U.S. District Court,Snow,G.,Murray, ,1959,Boulder City,NV,Male,White
1392751,3183,U.S. District Court,Gardephe,Paul,G., ,1957,Fitchburg,MA,Male,White
1392756,3184,U.S. District Court,Matsumoto,Kiyo,A., ,1955,Raleigh,NC,Female,Asian American
1392761,3185,U.S. District Court,Seibel,Cathy, , ,1960,West Islip,NY,Female,White
1392766,3186,U.S. District Court,Suddaby,Glenn,T., ,1956,Glen Falls,NY,Male,White
1392781,3189,U.S. District Court,Scriven,Mary,Stenson, ,1962,Atlanta,GA,Female,African American
1392786,3190,U.S. District Court,Arguello,Christine,M., ,1955,Thatcher,CO,Female,Hispanic
1392791,3191,U.S. District Court,Brimmer,Philip,A., ,1959,Rawlins,WY,Male,White
1392801,3193,U.S. District Court,Goldberg,Mitchell,S., ,1959,Philadelphia,PA,Male,White
1392811,3195,U.S. District Court,Melgren,Eric,F., ,1956,Minneola,KS,Male,White
1392941,3221,U.S. District Court,Viken,Jeffrey,Lynn, ,1952,Huron,SD,Male,White
1392946,3222,U.S. District Court,Lange,Roberto,Antonio, ,1963,Pamplona,Spain,Male,White
1392951,3223,U.S. District Court,Berger,Irene,Cornelia, ,1954,Richlands,VA,Female,African American
1392956,3224,U.S. District Court,Honeywell,Charlene,Vanessa Edwards, ,1957,Deerfield Beach,FL,Female,African American
1392961,3225,U.S. District Court,Kallon,Abdul,K., ,1969,Freetown,Sierra Leone,Male,African American
1392966,3226,U.S. District Court,Reiss,Christina,Clair, ,1962,Denver,CO,Female,White
1392971,3227,U.S. District Court,Nguyen,Jacqueline,Hong-Ngoc, ,1965,Dalat,Vietnam,Female,Asian American
1392976,3228,U.S. District Court,Gee,Dolly,Maizie, ,1959,Hawthorne,CA,Female,Asian American
1392981,3229,U.S. District Court,Seeborg,Richard,G., ,1956,Landstuhl,Germany,Male,White
1392986,3230,U.S. District Court,Peterson,Rosanna,Malouf, ,1951,Salt Lake City,UT,Female,White
1392991,3231,U.S. Court of Appeals,Keenan,Barbara,Milano, ,1950,Vienna,Austria,Female,White
1392996,3232,U.S. District Court,Conley,William,Martin, ,1956,Rice Lake,WI,Male,White
1393001,3233,U.S. Court of Appeals,Thompson,Ojetta,Rogeriee, ,1951,Anderson,SC,Female,African American
1393106,3254,U.S. District Court,Freudenthal,Nancy,Dell, ,1954,Cody,WY,Female,White
1393111,3255,U.S. District Court,Navarro,Gloria,Maria, ,1967,Las Vegas,NV,Female,Hispanic
1393116,3256,U.S. District Court,Marshall,Denzil,Price,Jr.,1963,Memphis,TN,Male,White
1393131,3259,U.S. District Court,Black,Timothy,Seymour, ,1953,Brookline,MA,Male,White
1393136,3260,U.S. District Court,DeGuilio,Jon,Ernest, ,1955,Hammond,IN,Male,White
1393226,3278,U.S. District Court,Magnus-Stinson,Jane,Elizabeth, ,1958,LaCrosse,WI,Female,White
1393231,3279,U.S. District Court,Koh,Lucy,Haeran, ,1968,Washington,DC,Female,Asian American
1393236,3280,U.S. District Court,Fleissig,Audrey,Goldstein, ,1955,St. Louis,MO,Female,White
1393241,3281,U.S. District Court,Foote,Elizabeth,Erny, ,1953,Lafayette,LA,Female,White
1393246,3282,U.S. District Court,Pratt,Tanya,Walton, ,1959,Indianapolis,IN,Female,African American
1393251,3283,U.S. District Court,Jackson,Brian,Anthony, ,1960,New Orleans,LA,Male,African American
1393256,3284,U.S. District Court,Goldsmith,Mark,Allan, ,1952,Detroit,MI,Male,White
1393261,3285,U.S. District Court,Treadwell,Marc,Thomas, ,1955,Fort Campbell,KY,Male,White
1393266,3286,U.S. District Court,Staton,Josephine,L., ,1961,St. Louis,MO,Female,White
1393271,3287,U.S. District Court,Feinerman,Gary,, ,1965,Skokie,IL,Male,White
1393276,3288,U.S. District Court,Coleman,Sharon,Johnson, ,1960,Chicago,IL,Female,African American
1393281,3289,Supreme Court,Kagan,Elena, , ,1960,New York,NY,Female,White
1393286,3290,U.S. District Court,Childs,Julianna,Michelle, ,1966,Detroit,MI,Female,African American
1393291,3291,U.S. District Court,Stark,Leonard,Philip, ,1969,Detroit,MI,Male,White
1393296,3292,U.S. District Court,Gergel,Richard,Mark, ,1954,Columbia,SC,Male,White
1393301,3293,U.S. Court of Appeals,Wynn,James,Andrew,Jr.,1954,Robersonville,NC,Male,African American
1393306,3294,U.S. Court of Appeals,Stranch,Jane,Branstetter, ,1953,Nashville,TN,Female,White
1393511,3335,U.S. District Court,Bredar,James,Kelleher, ,1957,Omaha,NE,Male,White
1393516,3336,U.S. District Court,Eagles,Catherine,Caldwell, ,1958,Memphis,TN,Female,White
1393521,3337,U.S. District Court,Mueller,Kimberly,Jo, ,1957,Newton,KS,Female,White
1393526,3338,U.S. District Court,Gibney,John,Adrian,Jr.,1951,Coatesville,PA,Male,White
1393531,3339,U.S. District Court,Nelson,Susan,Richard, ,1952,Buffalo,NY,Female,White
1393536,3340,U.S. District Court,Casper,Denise,Jefferson, ,1968,East Patchogue,NY,Female,African American
1393541,3341,U.S. Court of Appeals,Diaz,Albert, , ,1960,Brooklyn,NY,Male,Hispanic
1393546,3342,U.S. District Court,Chang,Edmond,E-Min, ,1970,New York,NY,Male,Asian American
1393556,3344,U.S. District Court,Kobayashi,Leslie,Emi, ,1957,Mount Holly,NJ,Female,Asian American
1393561,3345,U.S. Court of Appeals,Lohier,Raymond,Joseph,Jr.,1965,Montreal,Canada,Male,African American
1393566,3346,U.S. District Court,Reeves,Carlton,Wayne, ,1964,Fort Hood,TX,Male,African American
1393571,3347,U.S. District Court,Pearson,Benita,Yalonda, ,1963,Cleveland,OH,Female,African American
1393576,3348,U.S. District Court,Martinez,William,Joseph, ,1954,Mexico City,Mexico,Male,Hispanic
1393581,3349,U.S. District Court,Howell,Beryl,Alaine, ,1956,Fort Benning,GA,Female,White
1393586,3350,U.S. District Court,Wilkins,Robert,Leon, ,1963,Muncie,IN,Male,African American
1393591,3351,U.S. Court of Appeals,Matheson,Scott,Milne,Jr.,1953,Salt Lake City,UT,Male,White
1393596,3352,U.S. District Court,Hernandez,Marco,Antonio, ,1957,Nogales,AZ,Male,Hispanic
1393601,3353,U.S. District Court,Holmes,Paul,Kinloch,III,1951,Newport,AR,Male,White
1393606,3354,U.S. District Court,Saldaña,Diana, , ,1971,Carrizo Springs,TX,Female,Hispanic
1393611,3355,U.S. Court of Appeals,Graves,James,Earl,Jr.,1953,Hinds County,MS,Male,African American
1393616,3356,U.S. District Court,Davila,Edward,John, ,1952,Palo Alto,CA,Male,Hispanic
1393621,3357,U.S. District Court,Totenberg,Amy,Mil, ,1950,New York,NY,Female,White
1393626,3358,U.S. District Court,Jones,Steve,CarMichael, ,1957,Athens,GA,Male,African American
1393631,3359,U.S. District Court,Shadid,James,Edward, ,1957,Peoria,IL,Male,White
1393641,3361,U.S. District Court,Myerscough,Sue,Ellen, ,1951,Springfield,IL,Female,White
1393646,3362,U.S. District Court,Cogburn,Max,Oliver,Jr.,1951,Cambridge,MA,Male,White
1393651,3363,U.S. District Court,Boasberg,James,Emanuel, ,1963,San Francisco,CA,Male,White
1393656,3364,U.S. District Court,Jackson,Amy,Berman, ,1954,Baltimore,MD,Female,White
1393661,3365,U.S. District Court,D'Agostino,Mae,Avila, ,1954,Albany,NY,Female,White
1393666,3366,U.S. Court of Appeals,Reyna,Jimmie,V., ,1952,Tucumcari,NM,Male,Hispanic
1393671,3367,U.S. District Court,Briccetti,Vincent,Louis, ,1954,Mt. Kisco,NY,Male,White
1393676,3368,U.S. District Court,Kronstadt,John,Arnold, ,1951,Washington,DC,Male,White
1393681,3369,U.S. District Court,Dalton,Roy,Bale,Jr.,1952,Jacksonville,FL,Male,White
1393686,3370,U.S. District Court,Sharp,Kevin,Hunter, ,1963,Memphis,TN,Male,White
1393691,3371,U.S. District Court,McConnell,John,James,Jr.,1958,Providence,RI,Male,White
1393696,3372,U.S. District Court,Chen,Edward,Milton, ,1953,Oakland,CA,Male,Asian American
1393701,3373,U.S. District Court,Allen,Arenda,Lauretta Wright, ,1960,Philadelphia,PA,Female,African American
1393706,3374,U.S. District Court,Urbanski,Michael,Francis, ,1956,Livorno,Italy,Male,White
1393711,3375,U.S. Court of Appeals,Carney,Susan,Laura, ,1951,Waltham,MA,Female,White
1393716,3376,U.S. District Court,Cecchi,Claire,Claudia, ,1964,Queens,NY,Female,White
1393721,3377,U.S. District Court,Salas,Esther, , ,1968,Los Angeles,CA,Female,Hispanic
1393726,3378,U.S. District Court,Simon,Michael,H., ,1956,New York,NY,Male,White
1393731,3379,U.S. District Court,Oetken,James,Paul, ,1965,Louisville,KY,Male,White
1393736,3380,U.S. District Court,Engelmayer,Paul,Adam, ,1961,New York,NY,Male,White
1393741,3381,U.S. District Court,Darrow,Sara,Lynn, ,1970,Pontiac,MI,Female,White
1393751,3383,U.S. District Court,Ramos,Nelva,Gonzales, ,1965,Port Lavaca,TX,Female,Hispanic
1393756,3384,U.S. District Court,Williams,Kathleen,Mary, ,1956,Derby,CT,Female,White
1393761,3385,U.S. District Court,Ross,John,Andrew, ,1954,St. Louis,MO,Male,White
1393766,3386,U.S. District Court,Cain,Timothy,Martin, ,1961,Seneca,SC,Male,White
1393771,3387,U.S. District Court,Brown,Nannette,Jolivette, ,1963,Lafayette,LA,Female,African American
1393776,3388,U.S. District Court,Kuntz,William,Francis,II,1950,New York,NY,Male,African American
1393781,3389,U.S. District Court,Garcia Marmolejo,Marina, , ,1971,Nuevo Laredo,Mexico,Female,Hispanic
1393786,3390,U.S. District Court,Torresen,Nancy, , ,1959,Ridgewood,NJ,Female,White
1393791,3391,U.S. District Court,Zipps,Jennifer,Guerin, ,1964,Ashland,OH,Female,White
1393796,3392,U.S. District Court,Milazzo,Jane,Margaret Triche, ,1957,Napoleonville,LA,Female,White
1393801,3393,U.S. District Court,Nathan,Alison,Julie, ,1972,Philadelphia,PA,Female,White
1393806,3394,U.S. District Court,Hickey,Susan,Owens, ,1955,Dallas,TX,Female,White
1393811,3395,U.S. District Court,Forrest,Katherine,Bolan, ,1964,New York,NY,Female,White
1393816,3396,U.S. District Court,Bissoon,Cathy, , ,1968,Brooklyn,NY,Female,Asian American/Hispanic
1393821,3397,U.S. District Court,Mariani,Robert,David, ,1950,Scranton,PA,Male,White
1393826,3398,U.S. District Court,Hornak,Mark,Raymond, ,1956,Homestead,PA,Male,White
1393831,3399,U.S. District Court,Scola,Robert,Nichols,Jr.,1955,Worcester,MA,Male,White
1393836,3400,U.S. Court of Appeals,Higginson,Stephen,Andrew, ,1961,Boston,MA,Male,White
1393841,3401,U.S. District Court,Skavdahl,Scott,Wesley, ,1966,Lincoln,NE,Male,White
1393846,3402,U.S. District Court,Andrews,Richard,Gibson, ,1955,Manchester,England,Male,White
1393851,3403,U.S. District Court,Gleason,Sharon,Louise, ,1957,Rochester,NY,Female,White
1393856,3404,U.S. District Court,Rogers,Yvonne,Gonzalez, ,1965,Houston,TX,Female,Hispanic
1393861,3405,U.S. District Court,Ramos,Edgardo, , ,1960,Ponce,Puerto Rico,Male,Hispanic
1393866,3406,U.S. District Court,Carter,Andrew,Lamar,Jr.,1969,Albany,GA,Male,African American
1393871,3407,U.S. District Court,Gilstrap,James,Rodney, ,1957,Pensacola,FL,Male,White
1393876,3408,U.S. District Court,Christensen,Dana,Lewis, ,1951,New York,NY,Male,White
1393881,3409,U.S. Court of Appeals,Christen,Morgan, , ,1961,Chehalis,WA,Female,White
1393886,3410,U.S. District Court,Gerrard,John,Melvin, ,1953,Schuyler,NE,Male,White
1393891,3411,U.S. District Court,Bencivengo,Cathy,Ann, ,1958,Teaneck,NJ,Female,White
1393896,3412,U.S. District Court,Furman,Jesse,Matthew, ,1972,New York,NY,Male,White
1393901,3413,U.S. District Court,Brodie,Margo,Kitsy, ,1966,St. John`s,Antigua,Female,African American
1393906,3414,U.S. District Court,Phillips,Mary,Elizabeth, ,1969,Kirksville,MO,Female,White
1393911,3415,U.S. District Court,Rice,Thomas,Owen, ,1960,Spokane,WA,Male,White
1393916,3416,U.S. District Court,Groh,Gina,Marie, ,1964,Hagerstown,MD,Female,White
1393921,3417,U.S. District Court,Fitzgerald,Michael,Walter, ,1959,Los Angeles,CA,Male,White
1393926,3418,U.S. District Court,Nuffer,David,Ogden, ,1952,Portland,OR,Male,White
1393931,3419,U.S. District Court,Abrams,Ronnie, , ,1968,New York,NY,Female,White
1393936,3420,U.S. District Court,Contreras,Rudolph, , ,1962,Staten Island,NY,Male,Hispanic
1393941,3421,U.S. District Court,Du,Miranda,Mai, ,1969,Ca Mau,Vietnam,Female,Asian American
1393946,3422,U.S. District Court,Morgan,Susie,, ,1953,Winnsboro,LA,Female,White
1393951,3423,U.S. Court of Appeals,Thacker,Stephanie,Dawn, ,1965,Huntington,WV,Female,White
1393956,3424,U.S. District Court,Wimes,Brian,Curtis, ,1966,Kansas City,MO,Male,African American
1393961,3425,U.S. District Court,Costa,Gregg,Jeffrey, ,1972,Baltimore,MD,Male,White
1393966,3426,U.S. District Court,Guaderrama,David,Campos, ,1954,Las Cruces,NM,Male,Hispanic
1393971,3427,U.S. District Court,Baker,Kristine,Gerhard, ,1971,Colorado Springs,CO,Female,White
1393976,3428,U.S. District Court,Lee,John,Zihun, ,1968,Aachen,Germany,Male,Asian American
1393981,3429,U.S. District Court,Russell,George,Levi,III,1965,Baltimore,MD,Male,African American
1393986,3430,U.S. District Court,Tharp,John,Joseph,Jr.,1960,Camp Lejeune,NC,Male,White
1393991,3431,U.S. Court of Appeals,Watford,Paul,Jeffrey, ,1967,Garden Grove,CA,Male,African American
1394001,3433,U.S. District Court,Helmick,Jeffrey,James, ,1960,Toledo,OH,Male,White
1394011,3435,U.S. District Court,Lewis,Mary,Geiger, ,1958,Columbia,SC,Female,White
1394016,3437,U.S. District Court,Rosenbaum,Robin,Stacie, ,1966,Chapel Hill,NC,Female,White
1394021,3438,U.S. District Court,Fowlkes,John,Thomas,Jr.,1951,Washington,DC,Male,African American
1394026,3439,U.S. District Court,McNulty,Kevin, , ,1954,Elizabeth,NJ,Male,White
1394031,3440,U.S. District Court,Shipp,Michael,Andre, ,1965,Paterson,NJ,Male,African American
1394041,3442,U.S. District Court,Rose,Stephanie,Marie, ,1972,Topeka,KS,Female,White
1394046,3443,U.S. District Court,Curiel,Gonzalo,Paul, ,1953,East Chicago,IN,Male,Hispanic
1394051,3444,U.S. District Court,Shelby,Robert,James, ,1970,Fort Atkinson,WI,Male,White
1394056,3445,U.S. District Court,Grimm,Paul,William, ,1951,Yokohama,Japan,Male,White
1394061,3446,U.S. District Court,Shea,Michael,Peter, ,1967,Hartford,CT,Male,White
1394066,3447,U.S. District Court,Walker,Mark,Eaton, ,1967,Winter Garden,FL,Male,White
1394071,3448,U.S. District Court,Berg,Terrence,George, ,1959,Detroit,MI,Male,White
1394076,3449,U.S. District Court,Dowdell,John,Edward, ,1955,Tulsa,OK,Male,White
1394081,3450,U.S. District Court,Bernal,Jesus,Gilberto, ,1963,"Culiacan, Sinaloa",Mexico,Male,Hispanic
1394086,3451,U.S. District Court,Schofield,Lorna,Gail, ,1956,Fort Wayne,IN,Female,Asian American
1394091,3452,U.S. District Court,Geraci,Frank,Paul,Jr.,1951,Rochester,NY,Male,White
1394096,3453,U.S. District Court,Durkin,Thomas,Michael, ,1953,Chicago,IL,Male,White
1394101,3454,U.S. District Court,Olguin,Fernando,Manzano, ,1961,Los Angeles,CA,Male,Hispanic
1394106,3455,U.S. District Court,Brann,Matthew,William, ,1965,Elmira,NY,Male,White
1394111,3456,U.S. District Court,Mannion,Malachy,Edward, ,1953,Montreal,Canada,Male,White
1394116,3457,U.S. District Court,Tigar,Jon,Steven, ,1962,London,England,Male,White
1394121,3458,U.S. Court of Appeals,Kayatta,William,Joseph,Jr.,1953,Pawtucket,RI,Male,White
1394126,3459,U.S. Court of Appeals,Bacharach,Robert,Edwin, ,1959,Clarksdale,MS,Male,White
1394131,3460,U.S. District Court,Chen,Pamela,Ki Mai, ,1961,Chicago,IL,Female,Asian American
1394136,3461,U.S. District Court,Failla,Katherine,Polk, ,1969,Edison,NJ,Female,White
1394141,3462,U.S. Court of Appeals,Taranto,Richard,Gary, ,1957,New York,NY,Male,White
1394146,3463,U.S. District Court,Gordon,Andrew,Patrick, ,1962,San Francisco,CA,Male,White
1394151,3464,U.S. District Court,Jackson,Ketanji,Brown, ,1970,Washington,DC,Female,African American
1394156,3465,U.S. District Court,Moore,Raymond,Paul, ,1953,Boston,MA,Male,African American
1394161,3466,U.S. District Court,Nunley,Troy,Lynne, ,1964,San Francisco,CA,Male,African American
1394166,3467,U.S. Court of Appeals,Shwartz,Patty, , ,1961,Paterson,NJ,Female,White
1394176,3469,U.S. District Court,Torres,Analisa,Nadine, ,1959,New York,NY,Female,African American/Hispanic
1394181,3470,U.S. District Court,Watson,Derrick,Kahala, ,1966,Honolulu,HI,Male,Asian American/Pacific Islander
1394186,3471,U.S. Court of Appeals,Kelly,Jane,Louise, ,1964,Greencastle,IN,Female,White
1394191,3472,U.S. District Court,Dick,Shelly,Deckert, ,1960,El Paso,TX,Female,White
1394196,3473,U.S. District Court,Román,Nelson,Stephen, ,1960,New York,NY,Male,Hispanic
1394201,3474,U.S. District Court,Orrick,William,Horsley,III,1953,San Francisco,CA,Male,White
1394206,3475,U.S. District Court,Chappell,Sheri,Polster, ,1962,Sheboygan,WI,Female,White
1394211,3476,U.S. District Court,McShane,Michael,Jerome, ,1961,Pittsburgh,PA,Male,White
1394216,3477,U.S. Court of Appeals,Srinivasan,Srikanth, , ,1967,Chandigarh,India,Male,Asian American
1394231,3480,U.S. District Court,Quiñones Alejandro,Nitza,Ileana, ,1951,Hato Rey,Puerto Rico,Female,Hispanic
1394236,3481,U.S. District Court,Schmehl,Jeffrey,L., ,1955,Reading,PA,Male,White
1394241,3482,U.S. District Court,Restrepo,Luis,Felipe, ,1959,Medellin,Colombia,Male,Hispanic
1394246,3483,U.S. District Court,Gonzales,Kenneth,John, ,1964,Espanola,NM,Male,Hispanic
1394251,3484,U.S. Court of Appeals,Phillips,Gregory,Alan, ,1960,Littleton,CO,Male,White
1394256,3485,U.S. District Court,Dorsey,Jennifer,Anna, ,1971,Las Vegas,NV,Female,White
1394261,3486,U.S. Court of Appeals,Chen,Raymond,T., ,1968,New York,NY,Male,Asian American
1394266,3487,U.S. District Court,Caproni,Valerie,Elaine, ,1955,Lee County,AL,Female,White
1394271,3488,U.S. District Court,Broderick,Vernon,Speede, ,1963,New York,NY,Male,African American/Hispanic
1394276,3489,U.S. Court of Appeals,Hughes,Todd,Michael, ,1966,Delaware,OH,Male,White
1394281,3490,U.S. District Court,Bruce,Colin,Stirling, ,1965,Urbana,IL,Male,White
1394286,3491,U.S. District Court,Ellis,Sara,Lee, ,1969,"London, Ontario",Canada,Female,African American
1394291,3492,U.S. District Court,Wood,Andrea,Robin, ,1973,St. Louis,MO,Female,African American
1394296,3493,U.S. District Court,Haikala,Madeline,Hughes, ,1964,New Orleans,LA,Female,White
1394301,3494,U.S. District Court,Woods,Gregory,Howard,III,1969,Lewes,DE,Male,African American
1394306,3495,U.S. District Court,Brown,Debra,Marie, ,1963,Yazoo City,MS,Female,African American
1394311,3496,U.S. Court of Appeals,Millett,Patricia,Ann, ,1963,Dexter,ME,Female,White
1394316,3497,U.S. Court of Appeals,Pillard,Cornelia,Thayer Livingston, ,1961,Cambridge,MA,Female,White
1394321,3498,U.S. District Court,Wolford,Elizabeth,Ann, ,1966,Buffalo,NY,Female,White
1394326,3499,U.S. District Court,McCafferty,Landya,B., ,1962,Washington,DC,Female,White
1394331,3500,U.S. District Court,Morris,Brian,Matthew, ,1963,Butte,MT,Male,White
1394336,3501,U.S. District Court,Watters,Susan,Pamela, ,1958,Billings,MT,Female,White
1394341,3502,U.S. District Court,Davis,Brian,Jordan, ,1953,Jacksonville,FL,Male,African American
1394346,3503,U.S. District Court,Meyer,Jeffrey,Alker, ,1963,North Tarrytown,NY,Male,White
1394351,3504,U.S. District Court,Moody,James,Maxwell,Jr.,1964,El Dorado,AR,Male,White
1394356,3505,U.S. District Court,Donato,James, , ,1960,Pasadena,CA,Male,White
1394361,3506,U.S. District Court,Freeman,Beth,Labson, ,1953,Washington,DC,Female,White
1394366,3507,U.S. District Court,Delgado Hernández,Pedro,Alberto, ,1956,San Juan,Puerto Rico,Male,Hispanic
1394371,3508,U.S. District Court,Reeves,Pamela,Lynn, ,1954,Marion,VA,Female,White
1394376,3509,U.S. District Court,Brooks,Timothy,Lloyd, ,1964,Detroit,MI,Male,White
1394381,3510,U.S. District Court,Chhabria,Vince,Girdhari, ,1969,San Francisco,CA,Male,Asian American
1394386,3511,U.S. Court of Appeals,McHugh,Carolyn,Baldwin, ,1957,Abington,PA,Female,White
1394391,3512,U.S. District Court,Leitman,Matthew,Frederick, ,1968,Detroit,MI,Male,White
1394396,3513,U.S. District Court,Levy,Judith,Ellen, ,1958,Bloomington,IN,Female,White
1394401,3514,U.S. District Court,Michelson,Laurie,Jill, ,1967,Detroit,MI,Female,White
1394406,3515,U.S. District Court,Parker,Linda,Vivienne, ,1958,Detroit,MI,Female,African American
1394411,3516,U.S. District Court,Cooper,Christopher,Reid, ,1966,Mobile,AL,Male,African American
1394416,3517,U.S. District Court,Harpool,M.,Douglas, ,1956,Springfield,MO,Male,White
1394421,3518,U.S. District Court,McHugh,Gerald,Austin,Jr.,1954,Philadelphia,PA,Male,White
1394426,3519,U.S. District Court,Smith,Edward,George, ,1961,Fort Knox,KY,Male,White
1394431,3520,U.S. Court of Appeals,Owens,John,Byron, ,1971,Washington,DC,Male,White
1394436,3521,U.S. Court of Appeals,Friedland,Michelle,Taryn, ,1972,Berkeley,CA,Female,White
1394441,3522,U.S. District Court,Crabtree,Daniel,Dale, ,1956,Kansas City,MO,Male,White
1394446,3523,U.S. District Court,Lipman,Sheryl,Halle, ,1963,Memphis,TN,Female,White
1394451,3524,U.S. District Court,Bashant,Cynthia,Ann, ,1960,San Francisco,CA,Female,White
1394456,3525,U.S. District Court,Bastian,Stanley,Allen, ,1958,Seattle,WA,Male,White
1394461,3526,U.S. District Court,Levy,Jon,David, ,1954,New York,NY,Male,White
1394466,3527,U.S. District Court,Shah,Manish,Suresh, ,1972,New York,NY,Male,Asian American
1394471,3528,U.S. District Court,Chuang,Theodore,David, ,1969,Media,PA,Male,Asian American
1394476,3529,U.S. District Court,Hazel,George,Jarrod, ,1975,New York,NY,Male,African American
1394481,3530,U.S. Court of Appeals,Moritz,Nancy,Louise, ,1960,Beloit,KS,Female,White
1394486,3531,U.S. District Court,Talwani,Indira, , ,1960,Englewood,NJ,Female,Asian American/White
1394491,3532,U.S. District Court,Peterson,James,Donald, ,1957,Lake Charles,LA,Male,White
1394496,3533,U.S. District Court,Rosenstengel,Nancy,Jo, ,1968,Alton,IL,Female,White
1394501,3534,U.S. District Court,Logan,Steven,Paul, ,1965,Tacoma,WA,Male,African American
1394506,3535,U.S. District Court,Tuchi,John,Joseph, ,1964,Colver,PA,Male,White
1394511,3536,U.S. District Court,Humetewa,Diane,Joyce, ,1964,Phoenix,AZ,Female,American Indian
1394516,3537,U.S. District Court,Márquez,Rosemary, , ,1968,Los Angeles,CA,Female,Hispanic
1394521,3538,U.S. District Court,Rayes,Douglas,Leroy, ,1952,Globe,AZ,Male,White
1394526,3539,U.S. District Court,Soto,James,Alan, ,1950,Nogales,AZ,Male,Hispanic/White
1394531,3540,U.S. Court of Appeals,Barron,David,Jeremiah, ,1967,Washington,DC,Male,White
1394536,3541,U.S. District Court,Mastroianni,Mark,Gerald, ,1964,Springfield,MA,Male,White
1394541,3542,U.S. District Court,Hendricks,Bruce,Howe, ,1957,Charleston,SC,Female,White
1394546,3543,U.S. District Court,Chutkan,Tanya,Sue, ,1962,Kingston,Jamaica,Female,African American
1394551,3544,U.S. District Court,Lauck,Mary,Hannah, ,1963,Alexandria,VA,Female,White
1394556,3545,U.S. District Court,Sorokin,Leo,Theodore, ,1961,Hartford,CT,Male,White
1394561,3546,U.S. District Court,Boulware,Richard,Franklin,II,1968,Rochester,MN,Male,African American
1394566,3547,U.S. District Court,Mendoza,Salvador, ,Jr.,1971,Pacoima,CA,Male,Hispanic
1394571,3548,U.S. District Court,Yandle,Staci,Michelle, ,1961,Centreville,IL,Female,African American
1394576,3549,U.S. District Court,Gayles,Darrin,Phillip, ,1966,Peoria,IL,Male,African American
1394581,3550,U.S. District Court,Byron,Paul,Gregory, ,1959,Queens,NY,Male,White
1394586,3551,U.S. District Court,Mendoza,Carlos,Eduardo, ,1970,Hialeah,FL,Male,Hispanic
1394591,3552,U.S. District Court,Bloom,Beth,Francine, ,1962,Bronx,NY,Female,White
1394596,3553,U.S. District Court,Crawford,Geoffrey,William, ,1954,Ann Arbor,MI,Male,White
1394601,3554,U.S. Court of Appeals,Krause,Cheryl,Ann, ,1968,St. Louis,MO,Female,White
1394606,3555,U.S. District Court,White,Ronnie,Lee, ,1953,St. Louis,MO,Male,African American
1394611,3556,U.S. District Court,Birotte,Andre, ,Jr.,1966,Newark,NJ,Male,African American
1394616,3557,U.S. District Court,Rosenberg,Robin,Lee, ,1962,West Palm Beach,FL,Female,White
1394626,3559,U.S. Court of Appeals,Harris,Pamela,Ann, ,1962,Hartford,CT,Female,White
1394631,3560,U.S. Court of Appeals,Pryor,Jill,Anne, ,1963,Harrisburg,PA,Female,White
1394636,3561,U.S. District Court,Moss,Randolph,Daniel, ,1961,Springfield,OH,Male,White
1394641,3562,U.S. District Court,May,Leigh,Martin, ,1971,Albany,GA,Female,White
1394646,3563,U.S. District Court,Abrams,Leslie,Joyce, ,1974,Madison,WI,Female,African American
1394651,3564,U.S. District Court,Cohen,Mark,Howard, ,1955,Miami Beach,FL,Male,White
1394656,3565,U.S. District Court,Ross,Eleanor,Louise, ,1967,Washington,DC,Female,African American
1394661,3566,U.S. District Court,Pepper,Pamela, , ,1964,New Orleans,LA,Female,White
1394666,3567,U.S. District Court,Sannes,Brenda,Kay, ,1958,Billings,MT,Female,White
1394671,3568,U.S. District Court,Arleo,Madeline,Cox, ,1963,Jersey City,NJ,Female,White
1394676,3569,U.S. District Court,Beetlestone,Wendy, , ,1961,Ibadan,Nigeria,Female,African American/White
1394681,3570,U.S. District Court,Bolden,Victor,Allen, ,1965,New York,NY,Male,African American
1394686,3571,U.S. District Court,Hale,David,Jason, ,1967,Fort Campbell,KY,Male,White
1394691,3572,U.S. District Court,Kearney,Mark,A., ,1962,Philadelphia,PA,Male,White
1394696,3573,U.S. District Court,Pappert,Gerald,John, ,1963,Albany,NY,Male,White
1394701,3574,U.S. District Court,Leeson,Joseph,F.,Jr.,1955,Allentown,PA,Male,White
1394706,3575,U.S. District Court,Stivers,Gregory,N., ,1960,Hazard,KY,Male,White
1394711,3576,U.S. District Court,Alonso,Jorge,Luis, ,1966,Sagua La Grande,Cuba,Male,Hispanic
1394716,3577,U.S. District Court,Azrack,Joan,Marie, ,1951,Neptune,NJ,Female,White
1394721,3578,U.S. District Court,Biggs,Loretta,Copeland, ,1954,Atlanta,GA,Female,African American
1394726,3579,U.S. District Court,Blakey,John,Robert, ,1965,South Bend,IN,Male,White
1394731,3580,U.S. District Court,Bough,Stephen,Rogers, ,1970,Gainesville,FL,Male,White
1394736,3581,U.S. District Court,Burroughs,Allison,Dale, ,1961,Boston,MA,Female,White
1394741,3582,U.S. District Court,Dillon,Elizabeth,Kay, ,1960,Omaha,NE,Female,White
1394746,3583,U.S. District Court,Gilliam,Haywood,Stirling,Jr.,1969,Marlborough,MA,Male,African American
1394751,3584,U.S. District Court,Mazzant,Amos,Louis,III,1965,Ellwood City,PA,Male,White
1394756,3585,U.S. District Court,Mehta,Amit,Priyavadan, ,1971,Patan,India,Male,Asian American
1394761,3586,U.S. District Court,Pitman,Robert,Lee, ,1962,Fort Worth,TX,Male,White
1394766,3587,U.S. District Court,Schroeder,Robert,William,III,1966,Texarkana,TX,Male,White
1394771,3588,U.S. District Court,Bennett,Alfred,Homer, ,1965,Ennis,TX,Male,African American
1394776,3589,U.S. District Court,Hanks,George,Carol,Jr.,1965,Breaux Bridge,LA,Male,African American
1394781,3590,U.S. District Court,Parrish,Jill,N., ,1963,Ogden,UT,Female,White
1394786,3591,U.S. District Court,Olvera,Jose,Rolando,Jr.,1963,Houston,TX,Male,Hispanic
1394791,3592,U.S. Court of Appeals,Stoll,Kara,Farnandez, ,1968,Wilmington,DE,Female,Hispanic
1394796,3593,U.S. District Court,Ketchmark,Roseann,Ambrosia, ,1963,Lindsay,OK,Female,White
1394801,3594,U.S. District Court,Drozd,Dale,Alan, ,1955,Long Beach,CA,Male,White
1394806,3595,U.S. District Court,Donnelly,Ann,Marie, ,1959,Royal Oak,MI,Female,White
1394811,3596,U.S. District Court,Vilardo,Lawrence,Joseph, ,1955,Buffalo,NY,Male,White
1394816,3597,U.S. District Court,Hall,LaShann,Moutique DeArcy, ,1970,Hollywood,CA,Female,African American
1394821,3598,U.S. District Court,McDonough,Travis,Randall, ,1972,Chattanooga,TN,Male,White
1394826,3599,U.S. District Court,Wright,Wilhelmina,Marie, ,1964,Norfolk,VA,Female,African American
1394831,3600,U.S. District Court,Vazquez,John,Michael, ,1970,Honolulu,HI,Male,Hispanic/White
1394836,3601,U.S. District Court,Ebinger,Rebecca,Goodgame, ,1975,Clearwater,FL,Female,White
1394841,3602,U.S. District Court,Strand,Leonard,Terry, ,1965,Sioux City,IA,Male,White
1394846,3603,U.S. District Court,Crenshaw,Waverly,David,Jr.,1956,Nashville,TN,Male,African American
1394851,3604,U.S. District Court,Xinis,Paula, , ,1968,Mineola,NY,Female,White
1394866,3607,U.S. District Court,Rossiter,Robert,F.,Jr.,1956,Camp Lejeune,NC,Male,White
1394871,3608,U.S. District Court,Martinotti,Brian,R., ,1961,Englewood,NJ,Male,White
3015971,3015971,U.S. District Court,Nye,David,Charles,,1958,Lynwood,CA,Male,White
3114866,3114866,U.S. Court of Appeals,Bush,John,Kenneth,,1964,Hot Springs,AR,Male,White
3267886,3267886,U.S. Court of Appeals,Newsom,Kevin,Christopher,,1972,Birmingham,AL,Male,White
3687506,3687506,U.S. District Court,Kelly,Timothy,James,,1969,Glen Cove,NY,Male,White
3951691,3951691,U.S. District Court,Palk,Scott,Lawrence,,1967,Tulsa,OK,Male,White
3975196,3975196,U.S. District Court,McFadden,Trevor,Neil,,1978,Alexandria,VA,Male,White
3979311,3979311,U.S. Court of Appeals,Barrett,Amy,Coney,,1972,New Orleans,LA,Female,White
3984221,3984221,U.S. Court of Appeals,Larsen,Joan,Louise,,1968,Waterloo/Cedar Falls,IA,Female,White
3989726,3989726,U.S. Court of Appeals,Eid,Allison,Hartwell,,1965,Seattle,WA,Female,White
3989731,3989731,U.S. Court of Appeals,Bibas,Stephanos,,,1969,Queens,NY,Male,White
4020796,4020796,U.S. District Court,Coggins,Donald,Cecil,Jr.,1959,Spartanburg,SC,Male,White
4022586,4022586,U.S. District Court,Friedrich,Dabney,Langhorne,,1967,Pensacola,FL,Female,White
4022736,4022736,U.S. Court of Appeals,Katsas,Gregory,George,,1964,Boston,MA,Male,White
4025236,4025236,U.S. Court of Appeals,Grasz,Leonard,Steven,,1961,Chappell,NE,Male,White
4025356,4025356,U.S. Court of Appeals,Willett,Don,R.,,1966,Dallas,TX,Male,White
4025386,4025386,U.S. Court of Appeals,Ho,James,C.,,1973,Taipei,Taiwan,Male,Asian American
4027846,4027846,U.S. District Court,Campbell,William,Lynn,Jr.,1969,Nashville,TN,Male,White
4028131,4028131,U.S. District Court,Parker,Thomas,Lee Robinson,,1963,Memphis,TN,Male,White
4028216,4028216,U.S. District Court,Brown,Michael,Lawrence,,1968,Quantico,VA,Male,White
4028221,4028221,U.S. District Court,Counts,Walter,David,III,1961,Knox City,TX,Male,White
4097796,4097796,U.S. Court of Appeals,Stras,David,Ryan,,1974,Wichita,KS,Male,White
4237586,4237586,U.S. Court of Appeals,Branch,Elizabeth,Lee,,1968,Atlanta,GA,Female,White
4263096,4263096,U.S. District Court,Quattlebaum,A.,Marvin,Jr.,1964,Durham,NC,Male,White
4268601,4268601,U.S. District Court,Scholer,Karen,Gren,,1957,Tokyo,Japan,Female,Asian American
4268606,4268606,U.S. District Court,Self,Tilman,Eugene,III,1968,Macon,GA,Male,White
4273111,4273111,U.S. District Court,Doughty,Terry,Alvin,,1959,Rayville,LA,Male,White
4444651,4444651,U.S. District Court,Boom,Claria,Horn,,1969,Ashland,KY,Female,White
4477666,4477666,U.S. District Court,Broomes,John,Wesley,,1969,New Orleans,LA,Male,White
4477671,4477671,U.S. District Court,Jennings,Rebecca,Grady,,1978,Wilmington,DE,Female,White
4517676,4517676,U.S. Court of Appeals,Duncan,Stuart,Kyle,,1972,Baton Rouge,LA,Male,White
4602991,4602991,U.S. Court of Appeals,Brennan,Michael,Brian,,1963,Milwaukee,WI,Male,White
4622996,4622996,U.S. Court of Appeals,Scudder,Michael,Yale,Jr.,1971,Fort Wayne,IN,Male,White
4625001,4625001,U.S. Court of Appeals,Carson,Joel,McElroy,III,1971,Artesia,NM,Male,White
4625006,4625006,U.S. Court of Appeals,Nalbandian,John,Baylor,,1969,Fort Ord,CA,Male,Asian American
4733051,4733051,U.S. District Court,Wier,Robert,Earl,,1967,Harlan,KY,Male,White
4733056,4733056,U.S. District Court,Rodriguez,Fernando,,Jr.,1969,Harlingen,TX,Male,Hispanic
4738061,4738061,U.S. District Court,Axon,Annemarie,Carney,,1973,Winter Park,FL,Female,White
4908101,4908101,U.S. Court of Appeals,Bennett,Mark,Jeremy,,1953,Brooklyn,NY,Male,White
4947641,4947641,U.S. Court of Appeals,Oldham,Andrew,Stephen,,1978,Richmond,VA,Male,White
5014276,5014276,U.S. Court of Appeals,Grant,Britt,Cagle,,1978,Atlanta,GA,Female,White
5018781,5018781,U.S. District Court,Beaverstock,Jeffrey,Uhlman,,1968,Waterbury,CT,Male,White
5018791,5018791,U.S. District Court,Connolly,Colm,Felix,,1964,Wilmington,DE,Male,White
5018796,5018796,U.S. District Court,Marks,Emily,Coody,,1973,Tuscaloosa,AL,Female,White
5019301,5019301,U.S. District Court,Noreika,Maryellen,,,1966,Pittsburgh,PA,Female,White
5019306,5019306,U.S. District Court,Otake,Jill,Aiko,,1973,Honolulu,HI,Female,Asian American
5019311,5019311,U.S. District Court,Teeter,Holly,Lou,,1979,Kansas City,KS,Female,White
5090921,5090921,U.S. Court of Appeals,Richardson,Julius,Ness,,1976,Columbia,SC,Male,White
5152931,5152931,U.S. District Court,Moorer,Terry,Fitzgerald,,1961,Greenville,AL,Male,African American
5152936,5152936,U.S. District Court,Baker,R.,Stan,,1977,Athens,GA,Male,White
5153441,5153441,U.S. District Court,Goodwin,Charles,Barnes,,1970,Clinton,OK,Male,White
5153446,5153446,U.S. District Court,Ashe,Barry,Weldon,,1956,New Orleans,LA,Male,White
5153451,5153451,U.S. District Court,Sweeney,James,Russell,II,1961,Indianapolis,IN,Male,White
5153456,5153456,U.S. District Court,Baxter,Susan,Paradise,,1956,Latrobe,PA,Female,White
5153461,5153461,U.S. District Court,Brasel,Nancy,Ellen,,1969,Durham,England,Female,White
5197971,5197971,U.S. District Court,Horan,Marilyn,Jean,,1954,Butler,PA,Female,White
5197976,5197976,U.S. District Court,Jung,William,Frederic,,1958,Fort Belvoir,VA,Male,White
5197981,5197981,U.S. District Court,Dooley,Kari,Anne,,1963,New York,NY,Female,White
5197986,5197986,U.S. District Court,Lanza,Dominic,William,,1976,Seattle,WA,Male,White
5197991,5197991,U.S. District Court,Williams,Charles,Joseph,,1963,Cedar Rapids,IA,Male,White
5197996,5197996,U.S. District Court,Summerhays,Robert,Rees,,1965,Fort Worth,TX,Male,White
5198501,5198501,U.S. District Court,Tostrud,Eric,Christian,,1965,St. Paul,MN,Male,White
5198506,5198506,U.S. District Court,Albright,Alan,D,,1959,Dauphin,PA,Male,White
5373046,5373046,U.S. Court of Appeals,Porter,David,James,,1966,Kittanning,PA,Male,White
5373051,5373051,U.S. Court of Appeals,Nelson,Ryan,Douglas,,1973,Idaho Falls,ID,Male,White
5373556,5373556,U.S. District Court,Ray,William,McCrary,II,1963,Macon,GA,Male,White
5373561,5373561,U.S. District Court,Burke,Liles,Clifton,,1969,Cullman,AL,Male,White
5373566,5373566,U.S. District Court,Juneau,Michael,Joseph,,1962,Monroe,LA,Male,White
5374071,5374071,U.S. District Court,Norris,Mark,Saalfield,Sr.,1955,Akron,OH,Male,White
5374576,5374576,U.S. District Court,Richardson,Eli,Jeremy,,1967,Summit,NJ,Male,White
5374581,5374581,U.S. District Court,Kleeh,Thomas,Shawn,,1974,Wheeling,WV,Male,White
5374586,5374586,U.S. District Court,Kernodle,Jeremy,Daniel,,1976,Memphis,TN,Male,White
5374591,5374591,U.S. District Court,Phipps,Peter,Joseph,,1973,Abilene,TX,Male,White
5375096,5375096,U.S. District Court,Brnovich,Susan,Marie,,1968,Madison,WI,Female,White
5375101,5375101,U.S. District Court,Kenney,Chad,Francis,Sr.,1955,Upper Darby,PA,Male,White
5375106,5375106,U.S. District Court,Hanlon,James,Patrick,,1970,Evanston,IL,Male,White
5375111,5375111,U.S. District Court,Walker,Lance,Edward,,1972,Milo,ME,Male,White
5675191,5675191,U.S. Court of Appeals,Kobes,Jonathan,Allen,,1974,Sioux City,IA,Male,White
6063776,6063776,U.S. Court of Appeals,Miller,Eric,David,,1975,Oak Park,IL,Male,White
6098356,6098356,U.S. Court of Appeals,Rushing,Allison,Jones,,1982,Hendersonville,NC,Female,White
6103361,6103361,U.S. Court of Appeals,Readler,Chad,Andrew,,1972,Pontiac,MI,Male,White
6105366,6105366,U.S. Court of Appeals,Murphy,Eric,Earl,,1979,Indianapolis,IN,Male,White
6130381,6130381,U.S. Court of Appeals,Matey,Paul,Brian,,1971,Edison,NJ,Male,White
6135386,6135386,U.S. Court of Appeals,Rao,Neomi,Jehangir,,1973,Detroit,MI,Female,Asian American
6202901,6202901,U.S. Court of Appeals,Bade,Bridget,Shelton,,1965,Phoenix,AZ,Female,White
6244926,6244926,U.S. District Court,Altman,Roy,Kalman,,1982,Caracas,Venezuela,Male,Hispanic
6273446,6273446,U.S. District Court,Domenico,Daniel,Desmond,,1972,Boulder,CO,Male,White
6273451,6273451,U.S. District Court,Wyrick,Patrick,Robert,,1981,Denison,TX,Male,White
6278456,6278456,U.S. District Court,Brady,Holly,Ann,,1969,Fort Wayne,IN,Female,White
6278461,6278461,U.S. District Court,Morales,David,Steven,,1968,Edinburg,TX,Male,Hispanic
6379986,6379986,U.S. District Court,Barker,J.,Campbell,,1980,New Orleans,LA,Male,White
6383991,6383991,U.S. District Court,Brasher,Andrew,Lynn,,1981,Milan,TN,Male,White
6384996,6384996,U.S. District Court,Ruiz,Rodolfo,Armando,II,1979,Miami,FL,Male,Hispanic
6385001,6385001,U.S. District Court,Arias-Marxuach,Raúl,Manuel,,1967,San Juan,Puerto Rico,Male,Hispanic
6385006,6385006,U.S. District Court,Wolson,Joshua,David,,1974,Ann Arbor,MI,Male,White
6420566,6420566,U.S. Court of Appeals,Park,Michael,Hun,,1976,St. Paul,MN,Male,Asian American
6445071,6445071,U.S. District Court,Truncale,Michael,Joseph,,1957,Beaumont,TX,Male,White
6453086,6453086,U.S. Court of Appeals,Lee,Kenneth,Kiyul,,1975,Seoul,South Korea,Male,Asian American
6455091,6455091,U.S. District Court,Vitter,Wendy,Baldwin,,1961,New Orleans,LA,Female,White
6480596,6480596,U.S. Court of Appeals,Collins,Daniel,Paul,,1963,Brooklyn,NY,Male,White
6489101,6489101,U.S. District Court,Nielson,Howard,Curtis,Jr.,1968,Provo,UT,Male,White
6489106,6489106,U.S. District Court,Clark,Stephen,Robert,Sr.,1966,Evanston,IL,Male,White
6489111,6489111,U.S. District Court,Nichols,Carl,John,,1970,Rhinebeck,NY,Male,White
6489616,6489616,U.S. District Court,Bell,Kenneth,Davis,Sr.,1958,Bedford,OH,Male,White
6586021,6586021,U.S. District Court,Alston,Rossie,David,Jr.,1957,Washington,DC,Male,African American
6589526,6589526,U.S. District Court,Morrison,Sarah,Daggett,,1970,Lufkin,TX,Female,White
6594531,6594531,U.S. District Court,Barker,Pamela,Ann,,1957,Cleveland,OH,Female,White
6594536,6594536,U.S. District Court,Maze,Corey,Landon,,1978,Gadsden,AL,Male,White
6595041,6595041,U.S. District Court,Smith,Rodney,,,1974,Orlando,FL,Male,African American
6595046,6595046,U.S. District Court,Barber,Thomas,Patrick,,1966,Pittsburgh,PA,Male,White
6595551,6595551,U.S. District Court,Boulee,Jean-Paul,,,1971,Kankakee,IL,Male,White
6631056,6631056,U.S. District Court,Kacsmaryk,Matthew,Joseph,,1977,Gainesville,FL,Male,White
6631561,6631561,U.S. District Court,Winsor,Allen,Cothrel,,1976,Orlando,FL,Male,White
6631566,6631566,U.S. District Court,Cain,James,David,Jr.,1964,DeRidder,LA,Male,White
6631571,6631571,U.S. District Court,Guidry,Greg,Gerard,,1960,Jefferson,LA,Male,White
6729576,6729576,U.S. Court of Appeals,Bress,Daniel,Aaron,,1979,Hollister,CA,Male,White
6731081,6731081,U.S. District Court,Wetherell,T.,Kent,II,1970,Daytona Beach,FL,Male,White
6731086,6731086,U.S. District Court,Ranjan,J.,Nicholas,,1978,Lancaster,OH,Male,Asian American
6731091,6731091,U.S. District Court,Leichty,Damon,Ray,,1971,Rensselaer,IN,Male,White
6770606,6770606,U.S. District Court,Corker,Clifton,Leland,,1967,Richmond,VA,Male,White
6801611,6801611,U.S. District Court,Berger,Wendy,Williams,,1968,Athens,GA,Female,White
6801616,6801616,U.S. District Court,Buescher,Brian,Craig,,1975,Beatrice,NE,Male,White
6830641,6830641,U.S. District Court,Liburdi,Michael,Thomas,,1977,Scranton,PA,Male,White
6831146,6831146,U.S. District Court,Welte,Peter,David,,1965,New Britain,CT,Male,White
6831671,6831671,U.S. District Court,Hendrix,James,Wesley,,1977,Lubbock,TX,Male,White
6834676,6834676,U.S. District Court,Jordan,Sean,D.,,1965,New York,NY,Male,White
6839681,6839681,U.S. District Court,Immergut,Karin,Johanna,,1960,Brooklyn,NY,Female,White
6839686,6839686,U.S. District Court,Younge,John,Milton,,1955,Philadelphia,PA,Male,African American
6840191,6840191,U.S. District Court,Rowland,Mary,Margaret,,1961,Akron,OH,Female,White
6840196,6840196,U.S. District Court,Pittman,Mark,Timothy,,1975,Big Spring,TX,Male,White
6840201,6840201,U.S. District Court,Brown,Jeffrey,Vincent,,1970,Dallas,TX,Male,White
6840706,6840706,U.S. District Court,Starr,Brantley,David,,1979,San Antonio,TX,Male,White
6840711,6840711,U.S. District Court,Pulliam,Jason,Kenneth,,1971,Brooklyn,NY,Male,African American
6840716,6840716,U.S. District Court,Pacold,Martha,Maria,,1979,Richmond,VA,Female,Asian American
6840721,6840721,U.S. District Court,Stickman,William,Shaw,IV,1979,Pittsburgh,PA,Male,White
7049256,7049256,U.S. District Court,Haines,Stephanie,Lou,,1969,Johnstown,PA,Female,White
7049261,7049261,U.S. District Court,Brown,Ada,Elene,,1974,Oklahoma City,OK,Female,African American
7049561,7049561,U.S. District Court,Grimberg,Steven,Daniel,,1974,New York,NY,Male,Hispanic
7049771,7049771,U.S. District Court,Seeger,Steven,Charles,,1971,Normal,IL,Male,White
7049776,7049776,U.S. District Court,McElroy,Mary,Susan,,1965,Providence,RI,Female,White
7049781,7049781,U.S. District Court,Gallagher,Stephanie,Agli,,1972,Rockville,CT,Female,White
7223861,7223861,U.S. District Court,Kovner,Rachel,Peter,,1979,New York,NY,Female,White
7223866,7223866,U.S. District Court,Eskridge,Charles,R.,III,1963,Cleveland,OH,Male,White
7223871,7223871,U.S. District Court,Volk,Frank,William,,1965,Morgantown,WV,Male,White
7224376,7224376,U.S. District Court,Novak,David,John,,1961,Greensburg,PA,Male,White
7263221,7263221,U.S. District Court,Walker,Justin,Reed,,1982,Louisville,KY,Male,White
7328941,7328941,U.S. Court of Appeals,Hunsaker,Danielle,Jo,,1977,Roseburg,OR,Female,White
7330446,7330446,U.S. District Court,Rudofsky,Lee,Philip,,1979,New York,NY,Male,White
7330451,7330451,U.S. District Court,Wilson,Jennifer,Philpott,,1975,Washington,DC,Female,White
7330456,7330456,U.S. Court of Appeals,Nardini,William,Joseph,,1969,Glen Ridge,NJ,Male,White
7365461,7365461,U.S. Court of Appeals,Menashi,Steven,James,,1979,White Plains,NY,Male,White
7390466,7390466,U.S. Court of Appeals,Luck,Robert,Joshua,,1979,South Miami,FL,Male,White
7395471,7395471,U.S. Court of Appeals,Lagoa,Barbara,,,1967,Miami,FL,Female,Hispanic
7460631,7460631,U.S. District Court,Komitee,Eric,Ross,,1970,Freeport,NY,Male,White
7465641,7465641,U.S. District Court,Sinatra,John,Leonard,Jr.,1972,Buffalo,NY,Male,White
7465646,7465646,U.S. District Court,Pitlyk,Sarah,Elizabeth,,1977,Indianapolis,IN,Female,White
7465651,7465651,U.S. District Court,Cole,Douglas,Russell,,1964,Janesville,WI,Male,White
7465656,7465656,U.S. District Court,Huffaker,R.,Austin,Jr.,1973,Montgomery,AL,Male,White
7465661,7465661,U.S. District Court,Barlow,David,Bruce,,1971,Provo,UT,Male,White
7470666,7470666,U.S. District Court,Myers,Richard,Ernest,II,1967,Kingston,Jamaica,Male,African American/White
7470671,7470671,U.S. District Court,Lydon,Sherri,Allen,,1962,Myrtle Beach,SC,Female,White
7499211,7499211,U.S. Court of Appeals,Bumatay,Patrick,Joseph,,1978,Secaucus,NJ,Male,Asian American
7504281,7504281,U.S. Court of Appeals,VanDyke,Lawrence,James Christopher,,1972,Midland,TX,Male,White
7539421,7539421,U.S. District Court,McFarland,Matthew,Walden,,1967,Portsmouth,OH,Male,White
7543926,7543926,U.S. District Court,Singhal,Anuraag,Hari,,1963,Philadelphia,PA,Male,Asian American
7543931,7543931,U.S. District Court,Marston,Karen,Spencer,,1968,Portsmouth,VA,Female,White
7544351,7544351,U.S. District Court,Traynor,Daniel,Mack,,1970,Devils Lake,ND,Male,White
7544441,7544441,U.S. District Court,Dishman,Jodi,Warmbrod,,1979,Memphis,TN,Female,White
7544446,7544446,U.S. District Court,Gallagher,John,Michael,,1966,New York,NY,Male,White
7544951,7544951,U.S. District Court,Jones,Bernard,Maurice,II,1979,Oklahoma City,OK,Male,African American
7545456,7545456,U.S. District Court,Vyskocil,Mary,Kay,,1958,New York,NY,Female,White
7545461,7545461,U.S. District Court,Riggs,Kea,Whetzal,,1965,Midwest City,OK,Female,White
7545466,7545466,U.S. District Court,Colville,Robert,John,,1965,Pittsburgh,PA,Male,White
7545471,7545471,U.S. District Court,Liman,Lewis,Jeffrey,,1960,New York,NY,Male,White
7545476,7545476,U.S. District Court,Brown,Gary,Richard,,1963,Brooklyn,NY,Male,White
7545481,7545481,U.S. District Court,Davis,Stephanie,Dawkins,,1967,Kansas City,MO,Female,African American
